time,pitch,pitch_rate,roll,roll_rate,yaw,yaw_rate,distance,velocity,L_phi1,L_phi4,L_rate1,L_rate4,L_normal,R_phi1,R_phi4,R_rate1,R_rate4,R_normal,L_length,L_theta,L_length_rate,L_theta_rate,L_force,L_hip_torque,L_normal_control,L_airborne,R_length,R_theta,R_length_rate,R_theta_rate,R_force,R_hip_torque,R_normal_control,R_airborne,target_velocity,target_distance,target_yaw,stair_state,wheel_L,wheel_R,back_L,front_L,back_R,front_R
2.000000000000001082e-02,-6.276467771946968482e-06,2.101614488259677339e-04,-1.235113827394663516e-05,-5.934253753958470753e-04,-1.046279610196098488e-06,-1.030420449477873883e-04,-2.316121193467249899e-06,-7.457665027315885922e-05,2.879160646403619239e+00,2.624327344186377919e-01,-4.235125736411438080e-01,4.244970422579394942e-01,6.255148081258039383e+01,2.879127101491778085e+00,2.624675219459873254e-01,-4.256447125931185349e-01,4.266094908249651874e-01,6.307954989482972508e+01,1.811609566211700439e-01,6.514886536024278030e-06,7.462630420923233032e-02,1.569584565004333854e-04,4.911245346069335938e+01,-2.954967785626649857e-03,6.255147933959960938e+01,0.000000000000000000e+00,1.811670064926147461e-01,6.991723694227403030e-06,7.500147074460983276e-02,1.496270851930603385e-04,4.888257980346679688e+01,-9.329602471552789211e-04,6.307955169677734375e+01,0.000000000000000000e+00,0.000000000000000000e+00,0.000000000000000000e+00,0.000000000000000000e+00,0.000000000000000000e+00,-6.716865464113652706e-04,-4.322107997722923756e-05,-4.323081970214843750e+00,4.320878982543945312e+00,-4.302191734313964844e+00,4.301497936248779297e+00
4.000000000000002859e-02,-5.969773639619869496e-06,-1.332271316413931024e-04,-5.921078545719187235e-06,-1.812958734626135895e-03,-3.252298563709794711e-06,-1.237520829283506323e-04,-4.649910231655196604e-06,-1.638422640673257936e-04,2.869345092726415913e+00,2.722651192439419221e-01,-5.079026850113440572e-01,5.092306589494213220e-01,5.132426227327437118e+01,2.869326142115877332e+00,2.722867613971063361e-01,-5.140816384644534276e-01,5.152653407733173152e-01,5.159219404357652650e+01,1.828953325748443604e-01,1.240707570104859769e-05,9.005993604660034180e-02,6.297487416304647923e-04,3.914631271362304688e+01,-5.428695119917392731e-03,5.132426071166992188e+01,0.000000000000000000e+00,1.828989386558532715e-01,1.347995930700562894e-05,9.114249050617218018e-02,5.759108462370932102e-04,3.876304626464843750e+01,-2.089399145916104317e-03,5.159219360351562500e+01,0.000000000000000000e+00,0.000000000000000000e+00,0.000000000000000000e+00,0.000000000000000000e+00,0.000000000000000000e+00,2.329347422346472740e-03,2.936904085800051689e-03,-3.468146562576293945e+00,3.464108943939208984e+00,-3.433005332946777344e+00,3.431464433670043945e+00
6.000000000000004635e-02,-1.015654611696289273e-05,-2.585837216091719398e-04,-1.420827654640460332e-05,-7.966672061881840960e-03,-5.513510323396768963e-06,-1.049714995966582684e-04,-8.784461648049849718e-06,-2.518864371572345049e-04,2.859681809175698586e+00,2.819437114939509770e-01,-4.380316796948599545e-01,4.394976457934496317e-01,4.948478575886140618e+01,2.859621692542011484e+00,2.820072050616900805e-01,-4.609343473742603114e-01,4.621809175532848868e-01,4.873329154278201969e+01,1.846129298210144043e-01,2.231589314760640264e-05,7.814940810203552246e-02,8.077063830569386482e-04,3.747577667236328125e+01,-5.177109036594629288e-03,4.948478698730468750e+01,0.000000000000000000e+00,1.846239268779754639e-01,2.362719533266499639e-05,8.221209049224853516e-02,7.257797988131642342e-04,3.610956573486328125e+01,-1.505797728896141052e-03,4.873329162597656250e+01,0.000000000000000000e+00,0.000000000000000000e+00,0.000000000000000000e+00,0.000000000000000000e+00,0.000000000000000000e+00,3.367041004821658134e-03,3.795341355726122856e-03,-3.339370250701904297e+00,3.335528373718261719e+00,-3.216442584991455078e+00,3.215349435806274414e+00
8.000000000000005718e-02,-1.458070290133572092e-05,-1.708237734716544964e-04,-1.179108343504235399e-05,-1.564858155106875395e-03,-7.565704010692851965e-06,-1.078479472450821221e-04,-1.437231882853050746e-05,-3.102125801367466699e-04,2.851599982436581193e+00,2.900415956229381864e-01,-3.590888439596282566e-01,3.606677461311680877e-01,4.917863574533123483e+01,2.851567886156264997e+00,2.900787033536590398e-01,-3.644062887738057088e-01,3.658386534983256722e-01,4.939664197829017667e+01,1.860572248697280884e-01,3.281972385593689978e-05,6.439703702926635742e-02,7.629959145560860634e-04,3.713274765014648438e+01,-4.248334094882011414e-03,4.917863464355468750e+01,0.000000000000000000e+00,1.860634237527847290e-01,3.472707248874939978e-05,6.533670425415039062e-02,7.082043448463082314e-04,3.673732757568359375e+01,-8.846927667036652565e-04,4.939664077758789062e+01,0.000000000000000000e+00,0.000000000000000000e+00,0.000000000000000000e+00,0.000000000000000000e+00,0.000000000000000000e+00,2.673258306458592415e-03,3.332845633849501610e-03,-3.323856592178344727e+00,3.320719957351684570e+00,-3.287280321121215820e+00,3.286666631698608398e+00
1.000000000000000749e-01,-1.823441347685139563e-05,-1.627310207983818674e-04,-1.372329430645150568e-05,-1.301495702770267063e-03,-9.463434598663243984e-06,-9.149577867326065398e-05,-2.124930837232460280e-05,-3.774446172495561549e-04,2.845201102455586106e+00,2.964633926951977805e-01,-2.825425028841274666e-01,2.840095193404141294e-01,4.972012940724101782e+01,2.845164030347091977e+00,2.965062704883653089e-01,-2.863217505732249535e-01,2.877691924449063410e-01,4.997341655446782482e+01,1.872063428163528442e-01,4.505650576902553439e-05,5.087022483348846436e-02,7.135673658922314644e-04,3.762687301635742188e+01,-2.354753203690052032e-03,4.972013092041015625e+01,0.000000000000000000e+00,1.872135400772094727e-01,4.744069156004115939e-05,5.154825747013092041e-02,7.063105003908276558e-04,3.729137420654296875e+01,-5.088280886411666870e-06,4.997341537475585938e+01,0.000000000000000000e+00,0.000000000000000000e+00,0.000000000000000000e+00,0.000000000000000000e+00,0.000000000000000000e+00,2.273762132972478867e-03,3.146085422486066818e-03,-3.379334211349487305e+00,3.377635717391967773e+00,-3.348399400711059570e+00,3.348467111587524414e+00
1.200000000000000927e-01,-2.129181277389439444e-05,-1.217585475565646194e-04,-1.751842545057503590e-05,6.085945933982329567e-03,-1.118408102873341406e-05,-8.105442371859571918e-05,-2.940550280672002390e-05,-4.376989454557500764e-04,2.840183740138392032e+00,3.015070906441101872e-01,-2.311636934430511270e-01,2.319358295648324964e-01,5.029328062702476387e+01,2.840158822154769336e+00,3.015389580864332175e-01,-2.135142648623986894e-01,2.145863324688847829e-01,5.046095687931705243e+01,1.881109625101089478e-01,5.800827420898713171e-05,4.169426113367080688e-02,4.124802071601152420e-04,3.755875778198242188e+01,2.600908279418945312e-03,5.029328155517578125e+01,0.000000000000000000e+00,1.881160438060760498e-01,6.086929715820588171e-05,3.854378312826156616e-02,5.249169189482927322e-04,3.834783554077148438e+01,2.755940426141023636e-03,5.046095657348632812e+01,0.000000000000000000e+00,0.000000000000000000e+00,0.000000000000000000e+00,0.000000000000000000e+00,0.000000000000000000e+00,5.182003369554877281e-04,2.001585206016898155e-03,-3.380509138107299805e+00,3.382549524307250977e+00,-3.451541423797607422e+00,3.453707695007324219e+00
1.400000000000000966e-01,-2.362126988083376874e-05,-8.634256392437636028e-05,-8.782147472373463175e-06,-2.599771182113810863e-03,-1.276367121055963111e-05,-8.098164724620570396e-05,-3.878492964825428548e-05,-4.996562211449848264e-04,2.836280049478377752e+00,3.054431933913847041e-01,-1.685952301585972868e-01,1.708457582683322040e-01,5.072923816529164753e+01,2.836253827237786407e+00,3.054768146557488850e-01,-1.766118141494123495e-01,1.786963342147285527e-01,5.083746233741953091e+01,1.888175159692764282e-01,7.261628343258053064e-05,3.062415868043899536e-02,9.319015080109238625e-04,3.860489654541015625e+01,-4.325574729591608047e-03,5.072923660278320312e+01,0.000000000000000000e+00,1.888228952884674072e-01,7.535809709224849939e-05,3.205618634819984436e-02,8.697189623489975929e-04,3.808813476562500000e+01,-9.427552577108144760e-04,5.083746337890625000e+01,0.000000000000000000e+00,0.000000000000000000e+00,0.000000000000000000e+00,0.000000000000000000e+00,0.000000000000000000e+00,2.935812342911958694e-03,3.576629795134067535e-03,-3.484471559524536133e+00,3.481348276138305664e+00,-3.436631441116333008e+00,3.436052322387695312e+00
1.600000000000001144e-01,-2.545982058069257592e-05,-1.097180702464929306e-04,-1.968194498158283573e-05,-1.415570232235405929e-03,-1.418797479440649808e-05,-6.049358921031831084e-05,-4.939513382532879291e-05,-5.662816998621434663e-04,2.833260629140170739e+00,3.084984226181610723e-01,-1.322734017542767371e-01,1.339220473052332716e-01,5.166649587935636134e+01,2.833208016012696451e+00,3.085588467285829695e-01,-1.357116587822392306e-01,1.374318190699229392e-01,5.068303409829648132e+01,1.893660277128219604e-01,8.792548760538920760e-05,2.405382320284843445e-02,7.296287221834063530e-04,3.885546112060546875e+01,-2.014169003814458847e-04,5.166649627685546875e+01,0.000000000000000000e+00,1.893762350082397461e-01,9.102492913370952010e-05,2.468237280845642090e-02,7.565551204606890678e-04,3.847775268554687500e+01,1.330141210928559303e-03,5.068303298950195312e+01,0.000000000000000000e+00,0.000000000000000000e+00,0.000000000000000000e+00,0.000000000000000000e+00,0.000000000000000000e+00,1.943991519510746002e-03,2.969848224893212318e-03,-3.511034250259399414e+00,3.511041402816772461e+00,-3.476427316665649414e+00,3.477589130401611328e+00
1.800000000000001321e-01,-2.673172006119603481e-05,-8.829551619937773795e-05,-1.893001836233655364e-05,-1.677741057446503238e-03,-1.547955627182227107e-05,-5.313399281033029267e-05,-6.118775021979798261e-05,-6.252595908058176510e-04,2.830914617244603360e+00,3.108832219557600141e-01,-1.013181592903701633e-01,1.031187175158673475e-01,5.194764135969506924e+01,2.830863229119523261e+00,3.109429421295597518e-01,-1.054227920264437512e-01,1.072964616331770205e-01,5.093099221884813943e+01,1.897937357425689697e-01,1.037409238051623106e-04,1.849557459354400635e-02,7.653856300748884678e-04,3.911940765380859375e+01,-1.672063954174518585e-04,5.194763946533203125e+01,0.000000000000000000e+00,1.898037791252136230e-01,1.069595746230334044e-04,1.924543082714080811e-02,7.929080747999250889e-04,3.871174240112304688e+01,1.323536969721317291e-03,5.093099212646484375e+01,0.000000000000000000e+00,0.000000000000000000e+00,0.000000000000000000e+00,0.000000000000000000e+00,0.000000000000000000e+00,2.022037748247385025e-03,3.049882128834724426e-03,-3.539129972457885742e+00,3.539199352264404297e+00,-3.501783609390258789e+00,3.502979040145874023e+00
2.000000000000001499e-01,-2.755608287015413397e-05,-2.238471588509068343e-05,-1.480233771102136877e-05,9.505603951024360447e-04,-1.664003611545778209e-05,-4.951920465339995116e-05,-7.413996404978229454e-05,-6.762792334162680925e-04,2.829101707817718303e+00,3.127373708270313468e-01,-8.001262183972229769e-02,8.248201178673648937e-02,5.166001303486232388e+01,2.829070058556973688e+00,3.127773889264797158e-01,-7.767300699181609036e-02,7.941115214309130144e-02,5.169389542738615972e+01,1.901256293058395386e-01,1.199432808789424598e-04,1.471466384828090668e-02,9.507810464128851891e-04,3.912513351440429688e+01,-3.357778536155819893e-03,5.166001129150390625e+01,0.000000000000000000e+00,1.901321113109588623e-01,1.231619389727711678e-04,1.422497257590293884e-02,6.761321565136313438e-04,3.913314819335937500e+01,3.497011726722121239e-03,5.169389724731445312e+01,0.000000000000000000e+00,0.000000000000000000e+00,0.000000000000000000e+00,0.000000000000000000e+00,0.000000000000000000e+00,2.756617031991481781e-03,2.251923549920320511e-03,-3.544109582901000977e+00,3.541821479797363281e+00,-3.542320728302001953e+00,3.545189142227172852e+00
2.200000000000001676e-01,-2.784919992194697535e-05,-1.488655670047369975e-05,-1.514606896577030499e-05,8.027745951324515884e-04,-1.720882543292166864e-05,-3.034589217227557311e-05,-8.819929539368332339e-05,-7.329385667632639604e-04,2.827726713824857629e+00,3.141570869615716299e-01,-6.144350269298513162e-02,6.347438457084174368e-02,5.209637471448613866e+01,2.827693237235792800e+00,3.141988652900804535e-01,-5.889216379068805407e-02,6.101299538764046182e-02,5.148274501069344211e+01,1.903788596391677856e-01,1.371641119476407766e-04,1.131983846426010132e-02,7.786139030940830708e-04,3.926996612548828125e+01,2.122351434081792831e-04,5.209637451171875000e+01,0.000000000000000000e+00,1.903856545686721802e-01,1.403827627655118704e-04,1.086579822003841400e-02,8.123929728753864765e-04,3.926351165771484375e+01,1.337861409410834312e-03,5.148274612426757812e+01,0.000000000000000000e+00,0.000000000000000000e+00,0.000000000000000000e+00,0.000000000000000000e+00,0.000000000000000000e+00,1.909902086481451988e-03,2.885650144889950752e-03,-3.558354139328002930e+00,3.558791160583496094e+00,-3.557409286499023438e+00,3.558699846267700195e+00
2.400000000000001854e-01,-2.775205379531657434e-05,3.644742251067844706e-05,-1.259975560073085299e-05,-3.131565052488533701e-05,-1.793290313399661823e-05,-4.407042947704654701e-05,-1.033434523811640262e-04,-7.822608421260455547e-04,2.826686035760345828e+00,3.152440228974072722e-01,-4.470339782433146308e-02,4.730887636348361097e-02,5.165849955558610418e+01,2.826657974780343530e+00,3.152809553517116892e-01,-4.512189600633982611e-02,4.769219349642188355e-02,5.212692803209475301e+01,1.905716657638549805e-01,1.544715341879054904e-04,8.342414163053035736e-03,9.431269718334078789e-04,3.946010208129882812e+01,-2.322920598089694977e-03,5.165850067138671875e+01,0.000000000000000000e+00,1.905775666236877441e-01,1.579286035848781466e-04,8.415248245000839233e-03,9.299338562414050102e-04,3.931861495971679688e+01,-8.492730557918548584e-05,5.212692642211914062e+01,0.000000000000000000e+00,0.000000000000000000e+00,0.000000000000000000e+00,0.000000000000000000e+00,0.000000000000000000e+00,2.575372811406850815e-03,3.422378096729516983e-03,-3.578409194946289062e+00,3.576985836029052734e+00,-3.564794301986694336e+00,3.565060377120971680e+00
2.600000000000001754e-01,-2.719974409471998805e-05,5.229222772901123315e-05,-1.192825812698567587e-05,-4.478741520750882145e-04,-1.873933685805055936e-05,-4.430766820967362279e-05,-1.195170709568573071e-04,-8.334123289527104036e-04,2.825914752768937444e+00,3.160638820269995874e-01,-3.224532005492487807e-02,3.495361869616245287e-02,5.178648227579873264e+01,2.825887351359705590e+00,3.161005613488724331e-01,-3.380897125437756084e-02,3.647142389471141194e-02,5.220038688814979366e+01,1.907159686088562012e-01,1.722774468362331390e-04,6.095089018344879150e-03,9.658891940489411354e-04,3.958498764038085938e+01,-2.460810821503400803e-03,5.178648376464843750e+01,0.000000000000000000e+00,1.907217502593994141e-01,1.756153069436550140e-04,6.374684162437915802e-03,9.487090865150094032e-04,3.938713836669921875e+01,-6.183667574077844620e-05,5.220038604736328125e+01,0.000000000000000000e+00,0.000000000000000000e+00,0.000000000000000000e+00,0.000000000000000000e+00,0.000000000000000000e+00,2.677148208022117615e-03,3.525477368384599686e-03,-3.591175556182861328e+00,3.589696884155273438e+00,-3.572382926940917969e+00,3.572712898254394531e+00
2.800000000000001932e-01,-2.631424442335451747e-05,7.806455278921910646e-05,-1.484186971136221762e-05,6.953864386775622519e-03,-1.952973476447168033e-05,-3.944996408073118954e-05,-1.366938921927796850e-04,-8.797042978940829150e-04,2.825346936356817107e+00,3.166808678507750385e-01,-3.389857553446210675e-02,3.574009832987588842e-02,5.191770956018983441e+01,2.825333476803343569e+00,3.167043322411277062e-01,-1.417237402964306378e-02,1.629817986067962771e-02,5.222556301567625781e+01,1.908234655857086182e-01,1.898693881230428815e-04,6.318222731351852417e-03,6.145907682366669178e-04,3.909409332275390625e+01,2.632327144965529442e-03,5.191770935058593750e+01,0.000000000000000000e+00,1.908267736434936523e-01,1.934456668095663190e-04,2.764584263786673546e-03,7.210306939668953419e-04,4.003038787841796875e+01,2.807918470352888107e-03,5.222556304931640625e+01,0.000000000000000000e+00,0.000000000000000000e+00,0.000000000000000000e+00,0.000000000000000000e+00,0.000000000000000000e+00,8.623593021184206009e-04,2.347556408494710922e-03,-3.545753002166748047e+00,3.548144102096557617e+00,-3.630659103393554688e+00,3.633201122283935547e+00
3.000000000000002109e-01,-2.502622738945339083e-05,8.705825189308659504e-05,-1.202286394605849693e-05,-1.110015588785194431e-03,-2.026725692505506755e-05,-3.995458510392886663e-05,-1.548113033815012689e-04,-9.285182081882876028e-04,2.824961025276984561e+00,3.171192155374590871e-01,-1.445799405861650407e-02,1.739617805300824535e-02,5.197753825416668150e+01,2.824931927886692229e+00,3.171583448884167100e-01,-1.799584751750382683e-02,2.084400196569979880e-02,5.229107886908819580e+01,1.908982545137405396e-01,2.082509017782285810e-04,2.890685573220252991e-03,1.017387374304234982e-03,3.977433776855468750e+01,-2.996188588440418243e-03,5.197753906250000000e+01,0.000000000000000000e+00,1.909044086933135986e-01,2.119463897543027997e-04,3.524673171341419220e-03,9.836497483775019646e-04,3.946813964843750000e+01,-2.877208171412348747e-04,5.229108047485351562e+01,0.000000000000000000e+00,0.000000000000000000e+00,0.000000000000000000e+00,0.000000000000000000e+00,0.000000000000000000e+00,2.959688892588019371e-03,3.754379926249384880e-03,-3.610290288925170898e+00,3.608507394790649414e+00,-3.581542968750000000e+00,3.581802129745483398e+00
3.200000000000002287e-01,-2.347967189927124672e-05,1.187705507891577211e-04,-1.153477117095628273e-05,-1.631590161551619775e-03,-2.093484560057677619e-05,-4.158176813880465924e-05,-1.738460708537920333e-04,-9.708769448944932351e-04,2.824697760683157810e+00,3.174348020785404123e-01,-7.489917015220982043e-03,1.074699844938000609e-02,5.206541740723995559e+01,2.824669410865138897e+00,3.174735876902148313e-01,-1.298681695864771155e-02,1.604766900391234666e-02,5.229849303976308761e+01,1.909507513046264648e-01,2.262546768179163337e-04,1.655200845561921597e-03,1.105424133129417896e-03,3.987364196777343750e+01,-4.439435433596372604e-03,5.206541824340820312e+01,0.000000000000000000e+00,1.909568607807159424e-01,2.301885833730921149e-04,2.635229146108031273e-03,1.031828229315578938e-03,3.946760559082031250e+01,-9.665552061051130295e-04,5.229849243164062500e+01,0.000000000000000000e+00,0.000000000000000000e+00,0.000000000000000000e+00,0.000000000000000000e+00,0.000000000000000000e+00,3.388901241123676300e-03,4.016423597931861877e-03,-3.620333433151245117e+00,3.617517232894897461e+00,-3.582233428955078125e+00,3.582031488418579102e+00
3.400000000000002465e-01,-2.158452844144693769e-05,1.036027189283183141e-04,-1.398972375295357937e-05,-1.365236570392439151e-03,-2.154695189896486403e-05,-3.006583145064444272e-05,-1.937322386228285088e-04,-1.016233382215036164e-03,2.824541839702753965e+00,3.176443848924201951e-01,-3.808573836518845505e-03,6.718253681160433165e-03,5.209132763380157627e+01,2.824506676789974247e+00,3.176900932574316938e-01,-7.746695688909944338e-03,1.060244890062767356e-02,5.235239679756006126e+01,1.909839212894439697e-01,2.443866978865116835e-04,9.555198485031723976e-04,9.899840224534273148e-04,3.988249969482421875e+01,-2.387832151725888252e-03,5.209132766723632812e+01,0.000000000000000000e+00,1.909913420677185059e-01,2.486782323103398085e-04,1.665568561293184757e-03,9.698336361907422543e-04,3.953375625610351562e+01,-5.105696618556976318e-05,5.235239791870117188e+01,0.000000000000000000e+00,0.000000000000000000e+00,0.000000000000000000e+00,0.000000000000000000e+00,0.000000000000000000e+00,2.959801116958260536e-03,3.822723170742392540e-03,-3.620665550231933594e+00,3.619442939758300781e+00,-3.588200569152832031e+00,3.588739871978759766e+00
3.600000000000002642e-01,-1.946389539317927518e-05,1.191620377909474227e-04,-1.390351687639816030e-05,-1.755763056178584382e-03,-2.209237611856820367e-05,-2.880111599878497006e-05,-2.144389279304615369e-04,-1.055533390698928714e-03,2.824464550911757410e+00,3.177754975591042808e-01,4.517528960173069347e-04,2.568269170964390842e-03,5.215073421588381564e+01,2.824428844635707758e+00,3.178220004710149982e-01,-4.701756525507114898e-03,7.630385105807397511e-03,5.235281850403929838e+01,1.910028904676437378e-01,2.627700450830161572e-04,1.921453804243355989e-04,1.015792717225849628e-03,3.994336700439453125e+01,-2.891834359616041183e-03,5.215073394775390625e+01,0.000000000000000000e+00,1.910103410482406616e-01,2.668231609277427197e-04,1.119466731324791908e-03,9.816066594794392586e-04,3.952996063232421875e+01,-2.535684034228324890e-04,5.235281753540039062e+01,0.000000000000000000e+00,0.000000000000000000e+00,0.000000000000000000e+00,0.000000000000000000e+00,0.000000000000000000e+00,3.163613844662904739e-03,3.955456428229808807e-03,-3.626537799835205078e+00,3.624990224838256836e+00,-3.588091135025024414e+00,3.588529825210571289e+00
3.800000000000002820e-01,-1.709050026385807306e-05,1.272873386491031069e-04,-1.377041971878240779e-05,-2.132339183579148433e-03,-2.260510689481041107e-05,-2.649700588627494109e-05,-2.359126651874686789e-04,-1.093157989191908489e-03,2.824451693187753243e+00,3.178425989177310895e-01,3.852669301003001576e-03,-8.035633990078772798e-04,5.220275575019908842e+01,2.824415297951630599e+00,3.178899693551608951e-01,-2.370327218937925279e-03,5.316384681177195766e-03,5.234974860997467516e+01,1.910101175308227539e-01,2.806622360367327929e-04,-4.226408491376787424e-04,1.018496695905923843e-03,3.999514389038085938e+01,-2.994521753862500191e-03,5.220275497436523438e+01,0.000000000000000000e+00,1.910177618265151978e-01,2.849537704605609179e-04,6.977963494136929512e-04,9.799760300666093826e-04,3.952421569824218750e+01,-3.028714563697576523e-04,5.234974670410156250e+01,0.000000000000000000e+00,0.000000000000000000e+00,0.000000000000000000e+00,0.000000000000000000e+00,0.000000000000000000e+00,3.271750640124082565e-03,4.050643648952245712e-03,-3.631321191787719727e+00,3.629749059677124023e+00,-3.587633609771728516e+00,3.588087320327758789e+00
4.000000000000002998e-01,-1.452794748524180805e-05,1.088053261786356142e-04,-2.055299094253116923e-05,2.184914198371531915e-03,-2.275054951807677122e-05,9.656557825380925763e-06,-2.581143723563663782e-04,-1.131052972480443841e-03,2.824492759951090726e+00,3.178562845341654231e-01,-7.420167716325328996e-04,2.851490323278173256e-03,5.256273852218061649e+01,2.824449496375721402e+00,3.179094830967837959e-01,6.207624671131502930e-03,-3.879556993205324558e-03,5.210432281429276458e+01,1.910076588392257690e-01,2.988420892506837845e-04,3.262155514676123857e-04,6.839987472631037235e-04,3.969501876831054688e+01,2.232016297057271004e-03,5.256274032592773438e+01,0.000000000000000000e+00,1.910163909196853638e-01,3.024183679372072220e-04,-9.156517917290329933e-04,7.659125258214771748e-04,3.987512588500976562e+01,2.245577750727534294e-03,5.210432434082031250e+01,0.000000000000000000e+00,0.000000000000000000e+00,0.000000000000000000e+00,0.000000000000000000e+00,0.000000000000000000e+00,1.856455346569418907e-03,3.018195973709225655e-03,-3.602065324783325195e+00,3.604469299316406250e+00,-3.618488788604736328e+00,3.620915174484252930e+00
4.200000000000003175e-01,-1.176470779955420626e-05,1.368400925974493998e-04,-1.587397843357961870e-05,1.223659011808675336e-03,-2.282963343942005866e-05,-8.134009954647603984e-06,-2.809929192094759334e-04,-1.161334451077145231e-03,2.824564899738197354e+00,3.178381332550681004e-01,2.840043799586255274e-03,-3.663578802383573446e-04,5.263385921082506513e+01,2.824531908271224800e+00,3.178813639686677295e-01,6.419344699590118046e-03,-3.870889495706093981e-03,5.206772793403492017e+01,1.909994482994079590e-01,3.163444343954324722e-04,-2.910265757236629725e-04,7.927088299766182899e-04,3.977647781372070312e+01,1.150638563558459282e-04,5.263385772705078125e+01,0.000000000000000000e+00,1.910063326358795166e-01,3.199207130819559097e-04,-9.340551914647221565e-04,8.206773200072348118e-04,3.981992721557617188e+01,1.407181262038648129e-03,5.206772613525390625e+01,0.000000000000000000e+00,0.000000000000000000e+00,0.000000000000000000e+00,0.000000000000000000e+00,0.000000000000000000e+00,2.418889896944165230e-03,3.412618767470121384e-03,-3.610149145126342773e+00,3.611014842987060547e+00,-3.613670110702514648e+00,3.615516901016235352e+00
4.400000000000003353e-01,-8.832065049347662404e-06,1.305789999719603070e-04,-1.439906819464555552e-05,-6.635394227543546693e-03,-2.306612908743298234e-05,-1.224181918303292594e-05,-3.044998522223965067e-04,-1.195081036742410511e-03,2.824683337757802004e+00,3.177745634391807572e-01,1.552923750649013931e-02,-1.214597873327134120e-02,5.256439146851482036e+01,2.824631509515608929e+00,3.178365183663599547e-01,-3.298838982203356092e-03,6.423642612761641148e-03,5.203268582715180912e+01,1.909829080104827881e-01,3.339157847221940756e-04,-2.511981176212430000e-03,1.140282838605344296e-03,4.037738800048828125e+01,-4.940526559948921204e-03,5.256439208984375000e+01,0.000000000000000000e+00,1.909932643175125122e-01,3.377304819878190756e-04,8.825452532619237900e-04,1.043908298015594482e-03,3.921071624755859375e+01,-1.388615230098366737e-03,5.203268432617187500e+01,0.000000000000000000e+00,0.000000000000000000e+00,0.000000000000000000e+00,0.000000000000000000e+00,0.000000000000000000e+00,4.343710839748382568e-03,4.738233052194118500e-03,-3.666398525238037109e+00,3.663528919219970703e+00,-3.559274196624755859e+00,3.559060096740722656e+00
4.600000000000003531e-01,-5.800034270283744564e-06,1.380872186452193151e-04,-1.788609876620412617e-05,8.727568444191380510e-04,-2.334960945231874698e-05,-1.076140257397846188e-05,-3.286029264073089882e-04,-1.221794618318277226e-03,2.824810214110973217e+00,3.177002044112985923e-01,5.592425108430899502e-03,-3.274751741164711426e-03,5.269538815741259441e+01,2.824770781155639288e+00,3.177502732392293305e-01,8.529769384898978554e-03,-6.094314603285526551e-03,5.206107912757838818e+01,1.909646391868591309e-01,3.506725188344717026e-04,-8.047880837693810463e-04,7.326849736273288727e-04,3.982514953613281250e+01,6.558315362781286240e-04,5.269538879394531250e+01,0.000000000000000000e+00,1.909728050231933594e-01,3.547256346791982651e-04,-1.327330945059657097e-03,7.768271025270223618e-04,3.981231689453125000e+01,1.701422734186053276e-03,5.206108093261718750e+01,0.000000000000000000e+00,0.000000000000000000e+00,0.000000000000000000e+00,0.000000000000000000e+00,0.000000000000000000e+00,2.384026302024722099e-03,3.507655579596757889e-03,-3.613971948623657227e+00,3.615348339080810547e+00,-3.612487316131591797e+00,3.614661216735839844e+00
4.800000000000003708e-01,-2.602902307569538282e-06,1.438871631839182957e-04,-1.564622119561327062e-05,2.419916431342129803e-04,-2.366873082674689235e-05,-1.184908572216894778e-05,-3.532410926298679837e-04,-1.247668318287473372e-03,2.824960426882063835e+00,3.176028096648531585e-01,7.424738588969872176e-03,-5.045255497457466938e-03,5.274253522565243202e+01,2.824925174496318636e+00,3.176489170814930096e-01,8.469874659798617283e-03,-6.011700009413419726e-03,5.203408487284528405e+01,1.909421980381011963e-01,3.672641178127378225e-04,-1.131720491684973240e-03,7.500070496462285519e-04,3.987317657470703125e+01,1.259450800716876984e-04,5.274253463745117188e+01,0.000000000000000000e+00,1.909495890140533447e-01,3.715556522365659475e-04,-1.314311753958463669e-03,7.795363781042397022e-04,3.977857971191406250e+01,1.449798932299017906e-03,5.203408432006835938e+01,0.000000000000000000e+00,0.000000000000000000e+00,0.000000000000000000e+00,0.000000000000000000e+00,0.000000000000000000e+00,2.602227730676531792e-03,3.674635896459221840e-03,-3.618283748626708984e+00,3.619314432144165039e+00,-3.609267950057983398e+00,3.611303091049194336e+00
5.000000000000003331e-01,6.370708171044587753e-07,1.473593850766471199e-04,-1.857839633791768611e-05,1.729371258778209311e-04,-2.397803405136226135e-05,-1.135018322091952022e-05,-3.783886710296025533e-04,-1.271956612117580232e-03,2.825131477628045840e+00,3.174837965010111063e-01,8.173682417111576004e-03,-5.833090257427552341e-03,5.277162020871156756e+01,2.825088551536937498e+00,3.175377721039305268e-01,9.036823155164325216e-03,-6.622602353695303951e-03,5.202296429248878695e+01,1.909158676862716675e-01,3.836936666630208492e-04,-1.271103159524500370e-03,7.318554562516510487e-04,3.989773941040039062e+01,1.023267395794391632e-04,5.277162170410156250e+01,0.000000000000000000e+00,1.909246742725372314e-01,3.878659917972981930e-04,-1.421116176061332226e-03,7.594857015646994114e-04,3.976551818847656250e+01,1.492344075813889503e-03,5.202296447753906250e+01,0.000000000000000000e+00,0.000000000000000000e+00,0.000000000000000000e+00,0.000000000000000000e+00,0.000000000000000000e+00,2.657819539308547974e-03,3.722850698977708817e-03,-3.620237827301025391e+00,3.621301651000976562e+00,-3.607798814773559570e+00,3.609914541244506836e+00
5.200000000000003508e-01,3.986003317313168092e-06,1.848709510182634992e-04,-1.174720280798040555e-05,-1.065361941720831436e-03,-2.427539262073338361e-05,-1.887386792950024989e-05,-4.039898451675596872e-04,-1.289517772422882824e-03,2.825302431665239311e+00,3.173637310858705152e-01,1.100596761418381336e-02,-8.124967460021951388e-03,5.219830903693384982e+01,2.825274822692707577e+00,3.174026830136424948e-01,7.558584206171119375e-03,-4.780719781104121602e-03,5.252222634607467455e+01,1.908894628286361694e-01,3.994182334281504154e-04,-1.735994592308998108e-03,8.972555515356361866e-04,3.998139572143554688e+01,-2.993896603584289551e-03,5.219831085205078125e+01,0.000000000000000000e+00,1.908955127000808716e-01,4.035905585624277592e-04,-1.119708991609513760e-03,8.586670155636966228e-04,3.968227005004882812e+01,-2.741205971688032150e-04,5.252222824096679688e+01,0.000000000000000000e+00,0.000000000000000000e+00,0.000000000000000000e+00,0.000000000000000000e+00,0.000000000000000000e+00,3.534782212227582932e-03,4.313852172344923019e-03,-3.628707408905029297e+00,3.627496719360351562e+00,-3.600599050521850586e+00,3.601434707641601562e+00
5.400000000000003686e-01,7.445472349532536049e-06,1.373681042808867585e-04,-1.392593720168616921e-05,-8.330674404106938602e-03,-2.456482402830485073e-05,-6.619226921046613720e-06,-4.300020588608205897e-04,-1.316873084634943456e-03,2.825503967601207478e+00,3.172138630755323430e-01,2.130784193094431567e-02,-1.806110969512412026e-02,5.271470528287996871e+01,2.825448450648460064e+00,3.172803125617171260e-01,-2.226557079589284484e-03,5.171750688397800701e-03,5.193442111147086848e+01,1.908575743436813354e-01,4.153898917138576508e-04,-3.572172950953245163e-03,1.081614871509373188e-03,4.052948379516601562e+01,-5.333028733730316162e-03,5.271470642089843750e+01,0.000000000000000000e+00,1.908686310052871704e-01,4.194430075585842133e-04,6.713602342642843723e-04,9.695281041786074638e-04,3.910942077636718750e+01,-1.498319208621978760e-03,5.193442153930664062e+01,0.000000000000000000e+00,0.000000000000000000e+00,0.000000000000000000e+00,0.000000000000000000e+00,0.000000000000000000e+00,4.810155835002660751e-03,5.143224261701107025e-03,-3.678972005844116211e+00,3.676068067550659180e+00,-3.548799991607666016e+00,3.548749208450317383e+00
5.600000000000003864e-01,1.086798950298535872e-05,1.701746617991369362e-04,-1.067177292473377498e-05,-5.541635185285692655e-03,-2.462164495502194535e-05,1.852783725999989067e-05,-4.564030022216857539e-04,-1.330190008204123120e-03,2.825689732055447045e+00,3.170771194615607524e-01,1.797622511308916149e-02,-1.479757117012556883e-02,5.250616273196411754e+01,2.825651934878904203e+00,3.171250552740428885e-01,1.816069040435005187e-03,1.074968333183326345e-03,5.216523444422909250e+01,1.908282488584518433e-01,4.302063898649066687e-04,-2.973512047901749611e-03,1.023335265927016735e-03,4.031787490844726562e+01,-4.947546869516372681e-03,5.250616455078125000e+01,0.000000000000000000e+00,1.908361017704010010e-01,4.340210871305316687e-04,-6.719983502989634871e-05,9.161341004073619843e-04,3.933471298217773438e+01,-1.618737122043967247e-03,5.216523361206054688e+01,0.000000000000000000e+00,0.000000000000000000e+00,0.000000000000000000e+00,0.000000000000000000e+00,0.000000000000000000e+00,4.660994745790958405e-03,4.862259142100811005e-03,-3.659315347671508789e+00,3.656743288040161133e+00,-3.568946599960327148e+00,3.568857431411743164e+00
5.800000000000004041e-01,1.434509217696349625e-05,1.670623271933253788e-04,-1.076220677190421461e-05,-5.824465506608776655e-03,-2.439920187330420724e-05,3.105702179019733472e-06,-4.831359287199995470e-04,-1.346571254459348090e-03,2.825888870896950511e+00,3.169260314334343409e-01,1.860460352500206693e-02,-1.549995506764859782e-02,5.253364926304637805e+01,2.825849312437453964e+00,3.169758392212425058e-01,1.725025864734406299e-03,1.105311051732402530e-03,5.215427113540043536e+01,1.907965391874313354e-01,4.449682892300188541e-04,-3.093983046710491180e-03,9.985433425754308701e-04,4.034297180175781250e+01,-5.020650103688240051e-03,5.253364944458007812e+01,0.000000000000000000e+00,1.908046156167984009e-01,4.486637772060930729e-04,-5.618072464130818844e-05,8.964177104644477367e-04,3.931888580322265625e+01,-1.509930239990353584e-03,5.215427017211914062e+01,0.000000000000000000e+00,0.000000000000000000e+00,0.000000000000000000e+00,0.000000000000000000e+00,0.000000000000000000e+00,4.671884700655937195e-03,4.981242585927248001e-03,-3.661279201507568359e+00,3.658699989318847656e+00,-3.567142486572265625e+00,3.567180395126342773e+00
6.000000000000004219e-01,1.777800197017481492e-05,1.532590213628996128e-04,-1.938355006568359183e-05,2.411832042123501340e-03,-2.440048899203102034e-05,2.169901622475787223e-06,-5.101741600848797714e-04,-1.361128749744072676e-03,2.826091261781038977e+00,3.167695423328951154e-01,6.306670143550620507e-03,-4.601444263651971456e-03,5.260932453713694912e+01,2.826052167220730826e+00,3.168193202972774403e-01,1.384349168968066271e-02,-1.191976841928943029e-02,5.219415012188484582e+01,1.907639801502227783e-01,4.587015137076377869e-04,-9.894907707348465919e-04,4.871421260759234428e-04,3.973761367797851562e+01,2.127771731466054916e-03,5.260932540893554688e+01,0.000000000000000000e+00,1.907720118761062622e-01,4.626354202628135681e-04,-2.337105572223663330e-03,5.688028177246451378e-04,3.996025085449218750e+01,2.387700369581580162e-03,5.219414901733398438e+01,0.000000000000000000e+00,0.000000000000000000e+00,0.000000000000000000e+00,0.000000000000000000e+00,0.000000000000000000e+00,2.248510019853711128e-03,3.514404175803065300e-03,-3.603342056274414062e+00,3.606160879135131836e+00,-3.623511552810668945e+00,3.626542329788208008e+00
6.200000000000004396e-01,2.127489506313844054e-05,1.651107686476226252e-04,-1.675676708430771505e-05,1.683672025615424051e-03,-2.452197980015845150e-05,-5.261345930198479605e-06,-5.374674842980764911e-04,-1.371707233598464144e-03,2.826293982854855003e+00,3.166121202872524409e-01,7.680437648844485980e-03,-5.784711460668259288e-03,5.265609372686048317e+01,2.826260128138115668e+00,3.166569012340876288e-01,1.274134879643059291e-02,-1.072385664317479156e-02,5.215087350424703772e+01,1.907313019037246704e-01,4.721323493868112564e-04,-1.221336191520094872e-03,5.467635346576571465e-04,3.978885650634765625e+01,7.202775450423359871e-04,5.265609359741210938e+01,0.000000000000000000e+00,1.907384544610977173e-01,4.763046745210886002e-04,-2.128437627106904984e-03,5.922099808230996132e-04,3.990296554565429688e+01,1.735686673782765865e-03,5.215087509155273438e+01,0.000000000000000000e+00,0.000000000000000000e+00,0.000000000000000000e+00,0.000000000000000000e+00,0.000000000000000000e+00,2.659688238054513931e-03,3.795683383941650391e-03,-3.608175039291381836e+00,3.609980583190917969e+00,-3.618206262588500977e+00,3.620790719985961914e+00
6.400000000000004574e-01,2.472260191756889307e-05,1.873663624734163890e-04,-1.367047411471087127e-05,-2.992152191762338740e-03,-2.440792098313322061e-05,1.210094092754563529e-05,-5.649899566655489785e-04,-1.380246309962356033e-03,2.826503530876433690e+00,3.164474062876692084e-01,1.500060390311643878e-02,-1.224295216813101397e-02,5.235027516232847233e+01,2.826465204220802274e+00,3.164955570402870344e-01,5.970358132663605190e-03,-3.412786639210268168e-03,5.236326720075004459e+01,1.906973719596862793e-01,4.856123705394566059e-04,-2.470873296260833740e-03,8.478894596919417381e-04,4.014772796630859375e+01,-4.057960584759712219e-03,5.235027694702148438e+01,0.000000000000000000e+00,1.907052397727966309e-01,4.893078585155308247e-04,-8.510024053975939751e-04,7.732786471024155617e-04,3.952618026733398438e+01,-1.193533185869455338e-03,5.236326599121093750e+01,0.000000000000000000e+00,0.000000000000000000e+00,0.000000000000000000e+00,0.000000000000000000e+00,0.000000000000000000e+00,4.367409273982048035e-03,4.764387384057044983e-03,-3.642157316207885742e+00,3.640428781509399414e+00,-3.584791660308837891e+00,3.585202693939208984e+00
6.600000000000004752e-01,2.820070091525748285e-05,1.664303831094089063e-04,-1.407113218154635108e-05,-3.083371653089653219e-03,-2.422985317275551173e-05,1.921136925266292043e-06,-5.926948064717927223e-04,-1.391211123633398061e-03,2.826712483070724424e+00,3.162812723341694721e-01,1.489070463525445955e-02,-1.242843251781006533e-02,5.235821600418762500e+01,2.826671843181870258e+00,3.163318603647362615e-01,6.094037520779247048e-03,-3.753187580458108505e-03,5.236255165887075691e+01,1.906633526086807251e-01,4.979891236871480942e-04,-2.477501751855015755e-03,7.577904034405946732e-04,4.014827346801757812e+01,-2.980546560138463974e-03,5.235821533203125000e+01,0.000000000000000000e+00,1.906716525554656982e-01,5.020422395318746567e-04,-8.930144831538200378e-04,7.127430289983749390e-04,3.953275299072265625e+01,-5.116446409374475479e-04,5.236255264282226562e+01,0.000000000000000000e+00,0.000000000000000000e+00,0.000000000000000000e+00,0.000000000000000000e+00,0.000000000000000000e+00,4.092153627425432205e-03,4.708166699856519699e-03,-3.641442775726318359e+00,3.640565872192382812e+00,-3.584780216217041016e+00,3.585748195648193359e+00
6.800000000000004929e-01,3.156556793072893467e-05,2.252381486904438828e-04,-9.234689831503092603e-06,3.108038194910609821e-03,-2.426397767466363699e-05,-1.830361913385841646e-05,-6.205693117727795367e-04,-1.389396573611044938e-03,2.826904507894239416e+00,3.161288504305787006e-01,6.697676493069221366e-03,-4.453728836251985741e-03,5.191956852896777974e+01,2.826896307635487826e+00,3.161478032121198822e-01,1.454687321608003243e-02,-1.232793095632052534e-02,5.288701149093774490e+01,1.906321197748184204e-01,5.096446257084608078e-04,-1.011183485388755798e-03,6.174535956233739853e-04,3.967782974243164062e+01,-2.169852377846837044e-03,5.191956710815429688e+01,0.000000000000000000e+00,1.906345784664154053e-01,5.136977415531873703e-04,-2.437016926705837250e-03,6.075300043448805809e-04,4.002184677124023438e+01,4.724424798041582108e-05,5.288701248168945312e+01,0.000000000000000000e+00,0.000000000000000000e+00,0.000000000000000000e+00,0.000000000000000000e+00,0.000000000000000000e+00,3.312337445095181465e-03,4.230834543704986572e-03,-3.598155260086059570e+00,3.597910165786743164e+00,-3.628532648086547852e+00,3.629974603652954102e+00
7.000000000000005107e-01,3.503146078203776684e-05,1.155905275852982668e-04,-1.908649652318251052e-05,-2.952466434630725452e-03,-2.441865144079300126e-05,4.610404888087443328e-06,-6.485493387120088533e-04,-1.409368637353811040e-03,2.827137198167511301e+00,3.159378292854995163e-01,1.412533766422333428e-02,-1.238890426511364724e-02,5.304771451059657750e+01,2.827082463221256337e+00,3.160027412383495382e-01,6.642702025862937121e-03,-4.857695296941389428e-03,5.182977990286844516e+01,1.905937045812606812e-01,5.219143349677324295e-04,-2.404059283435344696e-03,5.358705529943108559e-04,4.014614486694335938e+01,-5.750998388975858688e-05,5.304771423339843750e+01,0.000000000000000000e+00,1.906045675277709961e-01,5.257290322333574295e-04,-1.042758813127875328e-03,5.546367028728127480e-04,3.954950714111328125e+01,1.282690442167222500e-03,5.182978057861328125e+01,0.000000000000000000e+00,0.000000000000000000e+00,0.000000000000000000e+00,0.000000000000000000e+00,0.000000000000000000e+00,3.429673379287123680e-03,4.354696255177259445e-03,-3.639418601989746094e+00,3.640816926956176758e+00,-3.584929466247558594e+00,3.587322711944580078e+00
7.200000000000005285e-01,3.825127285534645459e-05,2.138475729719309967e-04,-1.132732552151425794e-05,2.692591012042882571e-03,-2.454535269294966750e-05,-1.983267241782115024e-05,-6.766496622723559666e-04,-1.399767130056045689e-03,2.827325410091162006e+00,3.157857515238184365e-01,7.168819539779111918e-03,-5.087071579495024316e-03,5.195463453636015316e+01,2.827310578759171023e+00,3.158117752988529037e-01,1.398563926303832139e-02,-1.192893597507588103e-02,5.284099242471637581e+01,1.905627995729446411e-01,5.320459604263305664e-04,-1.111129997298121452e-03,5.678070592693984509e-04,3.971571350097656250e+01,-2.130779670551419258e-03,5.195463562011718750e+01,0.000000000000000000e+00,1.905665397644042969e-01,5.364567041397094727e-04,-2.349504968151450157e-03,5.579138523899018764e-04,3.998270416259765625e+01,9.701703675091266632e-05,5.284099197387695312e+01,0.000000000000000000e+00,0.000000000000000000e+00,0.000000000000000000e+00,0.000000000000000000e+00,0.000000000000000000e+00,3.389452584087848663e-03,4.337306134402751923e-03,-3.600855588912963867e+00,3.600716352462768555e+00,-3.624252080917358398e+00,3.625806093215942383e+00
7.400000000000005462e-01,4.156116190425149102e-05,1.705545567639586203e-04,-1.344192995110656258e-05,-9.694040477204349075e-04,-2.428382553189855530e-05,8.958332264176456863e-06,-7.047958710160330932e-04,-1.407860375530860459e-03,2.827542536737494228e+00,3.156067856185336695e-01,1.195379670124952637e-02,-9.914786736133152784e-03,5.221131745975557692e+01,2.827510007820038140e+00,3.156490990728401114e-01,8.946149424373540243e-03,-6.964821043122374107e-03,5.253504970581285249e+01,1.905268877744674683e-01,5.430412129499018192e-04,-1.982459798455238342e-03,5.946657038293778896e-04,3.998966979980468750e+01,-2.209182130172848701e-03,5.221131896972656250e+01,0.000000000000000000e+00,1.905336976051330566e-01,5.469751195050776005e-04,-1.442399341613054276e-03,5.732129211537539959e-04,3.969678497314453125e+01,-2.641266910359263420e-04,5.253504943847656250e+01,0.000000000000000000e+00,0.000000000000000000e+00,0.000000000000000000e+00,0.000000000000000000e+00,0.000000000000000000e+00,3.898745868355035782e-03,4.591280128806829453e-03,-3.625341892242431641e+00,3.625191450119018555e+00,-3.598127603530883789e+00,3.599436044692993164e+00
7.600000000000005640e-01,4.478668307500380811e-05,1.844243112382927964e-04,-6.954108285451424016e-06,-2.095335103629780357e-03,-2.419501507477858152e-05,-7.987526289043381787e-06,-7.329829244058276789e-04,-1.406659383370663331e-03,2.827742878446782626e+00,3.154413673709299815e-01,1.398451803294202891e-02,-1.164941697905470461e-02,5.226953942981825918e+01,2.827724541146999560e+00,3.154697999808526720e-01,7.181659884982770185e-03,-5.049045629751705913e-03,5.248004056194849198e+01,1.904937922954559326e-01,5.531671340577304363e-04,-2.323589753359556198e-03,6.918566068634390831e-04,4.006191253662109375e+01,-4.337796010076999664e-03,5.226953887939453125e+01,0.000000000000000000e+00,1.904980093240737915e-01,5.568626220338046551e-04,-1.108646159991621971e-03,6.162822246551513672e-04,3.962630081176757812e+01,-1.113942242227494717e-03,5.248004150390625000e+01,0.000000000000000000e+00,0.000000000000000000e+00,0.000000000000000000e+00,0.000000000000000000e+00,0.000000000000000000e+00,4.465450532734394073e-03,4.971854388713836670e-03,-3.632341384887695312e+00,3.630628108978271484e+00,-3.591689348220825195e+00,3.592391014099121094e+00
7.800000000000005818e-01,4.787475332552598571e-05,1.628981687296471412e-04,-1.227512987776060538e-05,-1.524705115861281837e-03,-2.425883340507952674e-05,-9.335592565064309341e-06,-7.611917729043940614e-04,-1.409075576514876504e-03,2.827956107187547641e+00,3.152617663745335697e-01,1.270602159223479383e-02,-1.073992458787040999e-02,5.224744348455075027e+01,2.827924920268023889e+00,3.153032331636250740e-01,8.121935385755885833e-03,-6.250237431567831452e-03,5.249997355037687186e+01,1.904581636190414429e-01,5.625960184261202812e-04,-2.125054132193326950e-03,5.748005933128297329e-04,4.002756118774414062e+01,-2.810121281072497368e-03,5.224744415283203125e+01,0.000000000000000000e+00,1.904647648334503174e-01,5.666491342708468437e-04,-1.302650896832346916e-03,5.396822816692292690e-04,3.965980148315429688e+01,-3.110042307525873184e-04,5.249997329711914062e+01,0.000000000000000000e+00,0.000000000000000000e+00,0.000000000000000000e+00,0.000000000000000000e+00,0.000000000000000000e+00,4.061385057866573334e-03,4.796765744686126709e-03,-3.628283739089965820e+00,3.627749681472778320e+00,-3.594078779220581055e+00,3.595417976379394531e+00
8.000000000000005995e-01,5.093304249584794749e-05,1.215713725737632689e-04,-1.739237654559770336e-05,-1.072698225907990632e-03,-2.442695686387467754e-05,-2.637400535161327881e-06,-7.893797856801565600e-04,-1.412345900188917511e-03,2.828168444574178597e+00,3.150817937767361743e-01,1.152757758691147320e-02,-1.015623220936031842e-02,5.288900998592541214e+01,2.828124296700319729e+00,3.151362648010729850e-01,8.933405077545239492e-03,-7.514800806966297902e-03,5.196364701147132337e+01,1.904226392507553101e-01,5.716970772482454777e-04,-1.965156290680170059e-03,3.927398938685655594e-04,4.000401687622070312e+01,-1.333905383944511414e-04,5.288901138305664062e+01,0.000000000000000000e+00,1.904315501451492310e-01,5.755117745138704777e-04,-1.490694005042314529e-03,4.106943961232900620e-04,3.969257736206054688e+01,1.352464896626770496e-03,5.196364593505859375e+01,0.000000000000000000e+00,0.000000000000000000e+00,0.000000000000000000e+00,0.000000000000000000e+00,0.000000000000000000e+00,3.404867835342884064e-03,4.369288682937622070e-03,-3.624773025512695312e+00,3.626282215118408203e+00,-3.596079826354980469e+00,3.598701953887939453e+00
8.200000000000006173e-01,5.385492856670604650e-05,1.526424664880161365e-04,-1.577593590998883869e-05,5.766210711158400309e-03,-2.460164176184877893e-05,-8.969980972409948377e-06,-8.175309315635636079e-04,-1.404043117020745308e-03,2.828360444074375923e+00,3.149189473455547561e-01,1.600420010305344219e-03,-8.512182998683124127e-04,5.232616517004514378e+01,2.828341154781199851e+00,3.149492606195312128e-01,1.833374303035870817e-02,-1.729096109201894160e-02,5.244545407580191210e+01,1.903904527425765991e-01,5.798616330139338970e-04,-2.221547474619001150e-04,1.286940532736480236e-04,3.946875762939453125e+01,2.875848207622766495e-03,5.232616424560546875e+01,0.000000000000000000e+00,1.903949379920959473e-01,5.839147488586604595e-04,-3.228367306292057037e-03,2.376641205046325922e-04,4.022789001464843750e+01,2.859768923372030258e-03,5.244545364379882812e+01,0.000000000000000000e+00,0.000000000000000000e+00,0.000000000000000000e+00,0.000000000000000000e+00,0.000000000000000000e+00,2.087117871269583702e-03,3.568696556612849236e-03,-3.574813127517700195e+00,3.578588724136352539e+00,-3.643637180328369141e+00,3.647442340850830078e+00
8.400000000000006350e-01,7.073229236154527841e-05,4.691350792651353789e-03,-1.184957401272285811e-05,-2.742364892039060847e-03,-2.475079909123920511e-05,-4.284883876022909153e-05,-8.436953565719640044e-04,-7.297942964221777913e-04,2.828720074144511987e+00,3.148912235508810609e-01,5.409276851700162148e-02,2.808554390585920116e-02,5.237844934185567780e+01,2.828687429958819166e+00,3.149347446551433727e-01,4.554274967514358036e-02,3.614276453963996549e-02,5.244800574427544149e+01,1.903553307056427002e-01,6.874387618154287338e-04,-2.354562515392899513e-03,2.617643587291240692e-02,4.009618377685546875e+01,5.950436741113662720e-02,5.237844848632812500e+01,0.000000000000000000e+00,1.903622448444366455e-01,6.916110869497060776e-04,-8.497592061758041382e-04,2.599225565791130066e-02,3.952594375610351562e+01,6.526163965463638306e-02,5.244800567626953125e+01,0.000000000000000000e+00,2.000000141561031342e-02,9.000001591630280018e-05,0.000000000000000000e+00,0.000000000000000000e+00,-4.765893891453742981e-02,-4.747061431407928467e-02,-3.609876632690429688e+00,3.656543731689453125e+00,-3.556120157241821289e+00,3.607095956802368164e+00
8.600000000000006528e-01,2.143852396526300041e-04,8.560142543298523976e-03,-2.087446307223270672e-05,-1.588450976252869275e-03,-2.510597830925291116e-05,-2.335114493888176563e-05,-8.429786853637571530e-04,8.099610356366146371e-04,2.830889420490852348e+00,3.166992449834961088e-01,1.594751378244088358e-01,1.389133077811102457e-01,5.296079144695431040e+01,2.830834384319642183e+00,3.167646192560609752e-01,1.557061479933752879e-01,1.429172214884686654e-01,5.192510855809494075e+01,1.903228014707565308e-01,2.037835773080587387e-03,-1.841274090111255646e-03,1.035194769501686096e-01,3.997412490844726562e+01,3.871105238795280457e-02,5.296079254150390625e+01,0.000000000000000000e+00,1.903336942195892334e-01,2.041650470346212387e-03,-1.137004233896732330e-03,1.036096587777137756e-01,3.955963516235351562e+01,3.934274986386299133e-02,5.192510986328125000e+01,0.000000000000000000e+00,7.000000774860382080e-02,1.015000161714851856e-03,0.000000000000000000e+00,0.000000000000000000e+00,-5.110127106308937073e-02,-4.963590577244758606e-02,-3.604372501373291016e+00,3.639271259307861328e+00,-3.566714763641357422e+00,3.602036476135253906e+00
8.800000000000006706e-01,4.007661001472680737e-04,1.026973831045404663e-02,-1.034005295393661623e-05,-3.290810247959500071e-03,-2.538726086925478947e-05,-5.234178179108619296e-05,-8.122083620078028848e-04,2.393351663874445159e-03,2.835056028885016843e+00,3.205544594604708419e-01,2.593611790703919673e-01,2.327319002469102893e-01,5.231118934723588154e+01,2.835025180297106040e+00,3.205961251406296841e-01,2.492651258302981121e-01,2.422176526111836647e-01,5.231312882621151772e+01,1.902955621480941772e-01,4.864469636231660843e-03,-2.328826114535331726e-03,1.745609939098358154e-01,4.005823898315429688e+01,4.298153147101402283e-02,5.231118774414062500e+01,0.000000000000000000e+00,1.903021633625030518e-01,4.868641961365938187e-03,-5.548391491174697876e-04,1.743389666080474854e-01,3.942012786865234375e+01,4.962078109383583069e-02,5.231312942504882812e+01,0.000000000000000000e+00,1.199999600648880005e-01,2.940000034868717194e-03,0.000000000000000000e+00,0.000000000000000000e+00,-3.500584885478019714e-02,-3.494424372911453247e-02,-3.606192827224731445e+00,3.652108430862426758e+00,-3.546059608459472656e+00,3.596754789352416992e+00
9.000000000000006883e-01,6.312081679389648908e-04,1.311565927943158377e-02,-1.559930749270979619e-05,-2.517928088311105830e-03,-2.582237223259107182e-05,-9.046878982669643850e-06,-7.461734007286773863e-04,4.393349583092196441e-03,2.841103948831953385e+00,3.262290798766006028e-01,3.474897837968564107e-01,3.220340782792514012e-01,5.294325494779003805e+01,2.841059158440737864e+00,3.262839697005298079e-01,3.411063465357976887e-01,3.285346113016138769e-01,5.182178648714732105e+01,1.902645826339721680e-01,9.037260897457599640e-03,-2.096824347972869873e-03,2.383489459753036499e-01,4.000136566162109375e+01,6.238429248332977295e-02,5.294325637817382812e+01,0.000000000000000000e+00,1.902736276388168335e-01,9.041075594723224640e-03,-9.296219795942306519e-04,2.384022921323776245e-01,3.949568939208984375e+01,6.345577538013458252e-02,5.182178497314453125e+01,0.000000000000000000e+00,1.699999123811721802e-01,5.864998791366815567e-03,0.000000000000000000e+00,0.000000000000000000e+00,-1.739370077848434448e-02,-1.619105041027069092e-02,-3.587704181671142578e+00,3.659556627273559570e+00,-3.541737079620361328e+00,3.614088773727416992e+00
9.200000000000007061e-01,9.324686055690798977e-04,1.738679322376128836e-02,-1.570848593001044225e-05,4.389912897760949936e-03,-2.609110924287169793e-05,-1.717632865800807198e-05,-6.344766748966711297e-04,7.017643102040511081e-03,2.848872887404132026e+00,3.336121607606202799e-01,4.218819447247409427e-01,4.125355353017170490e-01,5.235184171994600888e+01,2.848849550628745675e+00,3.336467202664403220e-01,4.347951524359448539e-01,4.002507702064458939e-01,5.226154369872099181e+01,1.902357637882232666e-01,1.442681346088647842e-02,-4.324540495872497559e-04,2.960125207901000977e-01,3.948789215087890625e+01,7.802196592092514038e-02,5.235184097290039062e+01,0.000000000000000000e+00,1.902409940958023071e-01,1.443098578602075577e-02,-2.714406698942184448e-03,2.962255775928497314e-01,4.002764892578125000e+01,7.641593366861343384e-02,5.226154327392578125e+01,0.000000000000000000e+00,2.199998646974563599e-01,9.789996780455112457e-03,0.000000000000000000e+00,0.000000000000000000e+00,3.205840010195970535e-03,5.302052479237318039e-03,-3.527794361114501953e+00,3.625597715377807617e+00,-3.577064752578735352e+00,3.674206733703613281e+00
9.400000000000007239e-01,1.328806379552697082e-03,2.266759989825655602e-02,-1.614238035473512667e-05,4.161871545461598779e-03,-2.628744345274011934e-05,-3.475975643879573347e-05,-4.634833756676246604e-04,1.038859513170153903e-02,2.858272653340801828e+00,3.425403644338690379e-01,5.003538211001792302e-01,4.866580779640292120e-01,5.234248905875440983e+01,2.858247101657719114e+00,3.425766317025353835e-01,5.126776066432526813e-01,4.749990635913934334e-01,5.221406135557848671e+01,1.902041882276535034e-01,2.091361954808235168e-02,-5.308911204338073730e-04,3.480255603790283203e-01,3.951327133178710938e+01,8.949644118547439575e-02,5.234248733520507812e+01,0.000000000000000000e+00,1.902097910642623901e-01,2.091779187321662903e-02,-2.702224999666213989e-03,3.482433557510375977e-01,4.001516723632812500e+01,8.813457936048507690e-02,5.221406173706054688e+01,0.000000000000000000e+00,2.699998319149017334e-01,1.471499353647232056e-02,0.000000000000000000e+00,0.000000000000000000e+00,2.774149365723133087e-02,2.996904216706752777e-02,-3.516404867172241211e+00,3.640430927276611328e+00,-3.562057018280029297e+00,3.685790300369262695e+00
9.600000000000007416e-01,1.838839508470317815e-03,2.874872126786888124e-02,-1.601092077527142235e-05,3.896873229405322346e-03,-2.636613831932460637e-05,-5.066988099234929571e-05,-2.168832978815854364e-04,1.464135891679817919e-02,2.869173613490560992e+00,3.528861570406357506e-01,5.730295270253693563e-01,5.538840181315028977e-01,5.232951104334262027e+01,2.869147110884622265e+00,3.529227150796809265e-01,5.847094087347957103e-01,5.429126513107183083e-01,5.216414803040097325e+01,1.901719272136688232e-01,2.838262356817722321e-02,-6.328821182250976562e-04,3.944586813449859619e-01,3.953986358642578125e+01,1.001577600836753845e-01,5.232950973510742188e+01,0.000000000000000000e+00,1.901776492595672607e-01,2.838655747473239899e-02,-2.682957798242568970e-03,3.946835398674011230e-01,4.000600433349609375e+01,9.898314625024795532e-02,5.216414642333984375e+01,0.000000000000000000e+00,3.199997842311859131e-01,2.063998952507972717e-02,0.000000000000000000e+00,0.000000000000000000e+00,5.457195267081260681e-02,5.692229047417640686e-02,-3.503832340240478516e+00,3.656294107437133789e+00,-3.546073198318481445e+00,3.698570251464843750e+00
9.800000000000007594e-01,2.476329265363026028e-03,3.540542782273244787e-02,-1.833569963226990365e-05,3.879920957891063588e-03,-2.628431175692704785e-05,-7.039566676999042306e-05,1.240597060182335536e-04,1.989057409448559063e-02,2.881464403421763798e+00,3.645094824499208741e-01,6.397181054238002540e-01,6.146290944918131327e-01,5.231084202686554363e+01,2.881431187936890126e+00,3.645516279440735308e-01,6.513861318014638746e-01,6.037301717625231934e-01,5.211969838423476631e+01,1.901382654905319214e-01,3.672504797577857971e-02,-6.819516420364379883e-04,4.356187283992767334e-01,3.956500244140625000e+01,1.101040020585060120e-01,5.231084060668945312e+01,0.000000000000000000e+00,1.901451498270034790e-01,3.672862425446510315e-02,-2.723541110754013062e-03,4.358543455600738525e-01,4.000638198852539062e+01,1.091154441237449646e-01,5.211969757080078125e+01,0.000000000000000000e+00,3.699997365474700928e-01,2.756498567759990692e-02,0.000000000000000000e+00,0.000000000000000000e+00,8.340416848659515381e-02,8.590492606163024902e-02,-3.489862203598022461e+00,3.672797679901123047e+00,-3.529687404632568359e+00,3.713003635406494141e+00
1.000000000000000666e+00,3.250897592927983609e-03,4.238666630807264718e-02,-2.060363498234022987e-05,-3.221647129090035762e-03,-2.603169620892315913e-05,1.145737496740469638e-04,5.802799481424852652e-04,2.623067565142869761e-02,2.895041408121501458e+00,3.772695331171840860e-01,7.108417286697880089e-01,6.596049592153794272e-01,5.287292065176171008e+01,2.894978673598954888e+00,3.773378342607884850e-01,7.024764322343864942e-01,6.676568300591346761e-01,5.160324472581457655e+01,1.901019662618637085e-01,4.583936929702758789e-02,-2.462092787027359009e-03,4.721183776855468750e-01,4.011760330200195312e+01,1.169838160276412964e-01,5.287292098999023438e+01,0.000000000000000000e+00,1.901137977838516235e-01,4.584187269210815430e-02,-9.773746132850646973e-04,4.720556735992431641e-01,3.946780776977539062e+01,1.179722100496292114e-01,5.160324478149414062e+01,0.000000000000000000e+00,4.199996888637542725e-01,3.548998013138771057e-02,0.000000000000000000e+00,0.000000000000000000e+00,1.163948401808738708e-01,1.161932572722434998e-01,-3.522435426712036133e+00,3.737554788589477539e+00,-3.464425802230834961e+00,3.678225755691528320e+00
1.019999999999998463e+00,4.168146361841421586e-03,4.967746623433779568e-02,-1.514748561325771616e-05,3.054546324296547512e-03,-2.585896224031351010e-05,-8.800414751335486341e-05,1.174595925752632388e-03,3.377650872403228227e-02,2.909752610918468818e+00,3.910709935270299531e-01,7.579095784121074875e-01,7.153341650541219510e-01,5.229872491381378552e+01,2.909724525038404952e+00,3.911059308918830579e-01,7.669692192285380017e-01,7.069564502338482326e-01,5.201340530176189958e+01,1.900698244571685791e-01,5.562639981508255005e-02,-1.004785299301147461e-03,5.034002065658569336e-01,3.965576553344726562e+01,1.272843480110168457e-01,5.229872512817382812e+01,0.000000000000000000e+00,1.900755614042282104e-01,5.562926083803176880e-02,-2.580419182777404785e-03,5.035928487777709961e-01,3.998620986938476562e+01,1.274123787879943848e-01,5.201340484619140625e+01,0.000000000000000000e+00,4.699996411800384521e-01,4.441497102379798889e-02,0.000000000000000000e+00,0.000000000000000000e+00,1.467095911502838135e-01,1.490632742643356323e-01,-3.462203741073608398e+00,3.710978507995605469e+00,-3.491456985473632812e+00,3.741605758666992188e+00
1.039999999999996261e+00,5.230812498561147710e-03,5.700371975259903301e-02,-1.357055439554961002e-05,2.416227654151824680e-03,-2.548419500818845253e-05,-9.330957423433737801e-05,1.931580686749027236e-03,4.258709418507892336e-02,2.925539100776778589e+00,4.057460449267881186e-01,8.100011997246591156e-01,7.558690415541771124e-01,5.166796806367318595e+01,2.925514083966560541e+00,4.057768062520686891e-01,8.162861296566094049e-01,7.497552126139082063e-01,5.248338004520913813e+01,1.900338232517242432e-01,6.599792838096618652e-02,-1.291044056415557861e-03,5.307356119155883789e-01,3.974463272094726562e+01,1.322445124387741089e-01,5.166796875000000000e+01,0.000000000000000000e+00,1.900388300418853760e-01,6.600019335746765137e-02,-2.411276102066040039e-03,5.307462215423583984e-01,3.995320892333984375e+01,1.357122212648391724e-01,5.248337936401367188e+01,0.000000000000000000e+00,5.199996232986450195e-01,5.433996394276618958e-02,0.000000000000000000e+00,0.000000000000000000e+00,1.813878864049911499e-01,1.828152537345886230e-01,-3.451494455337524414e+00,3.733620166778564453e+00,-3.468628883361816406e+00,3.754318952560424805e+00
1.059999999999994058e+00,6.438935267767550985e-03,6.422349704583615870e-02,-9.348995825199986359e-06,1.823464687779952249e-03,-2.514282123952575561e-05,-7.028752021430738134e-05,2.877323062700925388e-03,5.273305413307893125e-02,2.942278926902374359e+00,4.211892943580162196e-01,8.561956315386902716e-01,7.905472268241429123e-01,5.167854637232666448e+01,2.942262374765058475e+00,4.212104524907531178e-01,8.607230153897835745e-01,7.861347845962710634e-01,5.244467327752006724e+01,1.899969279766082764e-01,7.686749845743179321e-02,-1.501560211181640625e-03,5.537338256835937500e-01,3.980328369140625000e+01,1.408719271421432495e-01,5.167854690551757812e+01,0.000000000000000000e+00,1.900003403425216675e-01,7.686964422464370728e-02,-2.308644354343414307e-03,5.537313222885131836e-01,3.995648193359375000e+01,1.441534310579299927e-01,5.244467163085937500e+01,0.000000000000000000e+00,5.699995756149291992e-01,6.526495516300201416e-02,0.000000000000000000e+00,0.000000000000000000e+00,2.163619399070739746e-01,2.175754010677337646e-01,-3.435460567474365234e+00,3.755261659622192383e+00,-3.447702407836914062e+00,3.770793676376342773e+00
1.079999999999991855e+00,7.789989731052354704e-03,7.122368700345443893e-02,-1.957623730162110932e-05,3.131040626686533261e-03,-2.388122681604574996e-05,-1.491346948162604476e-04,4.039189644152583157e-03,6.427244071665311198e-02,2.959891636649052415e+00,4.372651831664335909e-01,8.937370470716372584e-01,8.219910762668674042e-01,5.225210828484171088e+01,2.959848281409746651e+00,4.373088815247826444e-01,9.037449451752584961e-01,8.131369303245528091e-01,5.194476120622505277e+01,1.899556219577789307e-01,8.815632015466690063e-02,-1.164577901363372803e-03,5.724872946739196777e-01,3.976933288574218750e+01,1.548509448766708374e-01,5.225210952758789062e+01,0.000000000000000000e+00,1.899635046720504761e-01,8.815715461969375610e-02,-2.863325178623199463e-03,5.728091597557067871e-01,4.009447860717773438e+01,1.538107544183731079e-01,5.194475936889648438e+01,0.000000000000000000e+00,6.199995279312133789e-01,7.718994468450546265e-02,0.000000000000000000e+00,0.000000000000000000e+00,2.502759695053100586e-01,2.535197734832763672e-01,-3.408126831054687500e+00,3.770519971847534180e+00,-3.436927080154418945e+00,3.800542116165161133e+00
1.099999999999989653e+00,9.279785647445122285e-03,7.801459429412295477e-02,-1.835917519537522060e-05,2.741913148692282781e-03,-2.317827124200556516e-05,-1.437400204377342985e-04,5.445723223344822207e-03,7.727267280438322727e-02,2.978248481970375838e+00,4.538904757052359962e-01,9.298771012746523956e-01,8.457830303270806871e-01,5.226333265644095860e+01,2.978206061994894238e+00,4.539311384114046444e-01,9.387823776543210430e-01,8.380460152780000449e-01,5.191077610365194062e+01,1.899150460958480835e-01,9.978824853897094727e-02,-1.339122653007507324e-03,5.879839062690734863e-01,3.984122085571289062e+01,1.635047793388366699e-01,5.226333236694335938e+01,0.000000000000000000e+00,1.899225115776062012e-01,9.978812932968139648e-02,-2.835564315319061279e-03,5.883103609085083008e-01,4.011660385131835938e+01,1.623323559761047363e-01,5.191077423095703125e+01,0.000000000000000000e+00,6.699994802474975586e-01,9.011493623256683350e-02,0.000000000000000000e+00,0.000000000000000000e+00,2.869598865509033203e-01,2.901388108730316162e-01,-3.390909433364868164e+00,3.793727874755859375e+00,-3.415277719497680664e+00,3.819140434265136719e+00
1.119999999999987450e+00,1.090241608282828574e-02,8.452603383243124935e-02,-9.776371928144075995e-06,1.174317867225183401e-03,-2.298051608100980253e-05,-6.314661286352840804e-05,7.126435845574016596e-03,9.177797203110728275e-02,2.997258616169096168e+00,4.709559195619386074e-01,9.640002380057477449e-01,8.630091301594989828e-01,5.171827534977768437e+01,2.997236130452749503e+00,4.709771083847139606e-01,9.669008295652473661e-01,8.601336561635694045e-01,5.238266932202192550e+01,1.898744702339172363e-01,1.116933673620223999e-01,-1.881599426269531250e-03,6.004666090011596680e-01,3.999441909790039062e+01,1.667388379573822021e-01,5.171827697753906250e+01,0.000000000000000000e+00,1.898784190416336060e-01,1.116931289434432983e-01,-2.401821315288543701e-03,6.004326343536376953e-01,4.005629348754882812e+01,1.705075800418853760e-01,5.238266754150390625e+01,0.000000000000000000e+00,7.199994325637817383e-01,1.040399298071861267e-01,0.000000000000000000e+00,0.000000000000000000e+00,3.262331783771514893e-01,3.270970582962036133e-01,-3.381626129150390625e+00,3.822496891021728516e+00,-3.385611534118652344e+00,3.829792737960815430e+00
1.139999999999985247e+00,1.265080707015862199e-02,9.056770003774400335e-02,-1.399194223106405116e-05,-6.023313611640676232e-03,-2.183705196535108735e-05,5.706586104009796906e-04,9.111666279793755041e-03,1.078070139193094412e-01,3.016868100232377614e+00,4.883319162071541042e-01,1.001240695536642633e+00,8.684420611673431267e-01,5.224080529859374167e+01,3.016809011848663680e+00,4.883820092528463608e-01,9.822687522314665909e-01,8.844580705253179964e-01,5.179576242078443471e+01,1.898276805877685547e-01,1.238084211945533752e-01,-3.735497593879699707e-03,6.099834442138671875e-01,4.061145401000976562e+01,1.727323681116104126e-01,5.224080657958984375e+01,0.000000000000000000e+00,1.898374259471893311e-01,1.238059177994728088e-01,-6.035268306732177734e-04,6.091865301132202148e-01,3.952656555175781250e+01,1.785962432622909546e-01,5.179576110839843750e+01,0.000000000000000000e+00,7.699993848800659180e-01,1.189649105072021484e-01,0.000000000000000000e+00,0.000000000000000000e+00,3.689109385013580322e-01,3.619385957717895508e-01,-3.409855842590332031e+00,3.895931243896484375e+00,-3.315037012100219727e+00,3.795968770980834961e+00
1.159999999999983045e+00,1.451674666209943655e-02,9.621390022975925826e-02,-1.437960951461628670e-05,-6.180264025646836634e-03,-2.084973474801768678e-05,6.471395128362062528e-04,1.143243552165807905e-02,1.254083180526916752e-01,3.036942748318700147e+00,5.059627642954707127e-01,1.023621216971380532e+00,8.782174646835090304e-01,5.226745003202420037e+01,3.036880364643128605e+00,5.060127693222743472e-01,1.004051100948587294e+00,8.945054806363353928e-01,5.179551328648611985e+01,1.897819936275482178e-01,1.360702216625213623e-01,-3.856077790260314941e-03,6.160622239112854004e-01,4.069039535522460938e+01,1.819161027669906616e-01,5.226744842529296875e+01,0.000000000000000000e+00,1.897920668125152588e-01,1.360666453838348389e-01,-6.538182497024536133e-04,6.151855587959289551e-01,3.958036041259765625e+01,1.878248602151870728e-01,5.179551315307617188e+01,0.000000000000000000e+00,8.199993371963500977e-01,1.348899006843566895e-01,0.000000000000000000e+00,0.000000000000000000e+00,4.075573384761810303e-01,3.996522724628448486e-01,-3.389702558517456055e+00,3.919804573059082031e+00,-3.293376207351684570e+00,3.817146062850952148e+00
1.179999999999980842e+00,1.649128289494250152e-02,1.013994120509324193e-01,-1.727580453593691488e-05,1.448175780463375681e-03,-1.951573616074227791e-05,-9.551171639272980698e-05,1.412031420468310913e-02,1.446023248943315020e-01,3.057404617071598718e+00,5.237552302430676932e-01,1.029020383622361035e+00,8.935507522326386898e-01,5.234613593785873320e+01,3.057356307996010880e+00,5.237906658817428340e-01,1.033874126482334121e+00,8.895530445650092766e-01,5.181632638640576261e+01,1.897362172603607178e-01,1.484228521585464478e-01,-1.974351704120635986e-03,6.185200214385986328e-01,4.017973327636718750e+01,1.986494213342666626e-01,5.234613418579101562e+01,0.000000000000000000e+00,1.897436529397964478e-01,1.484189182519912720e-01,-2.764128148555755615e-03,6.187502145767211914e-01,4.025158309936523438e+01,1.983921378850936890e-01,5.181632614135742188e+01,0.000000000000000000e+00,8.699992895126342773e-01,1.518148928880691528e-01,0.000000000000000000e+00,0.000000000000000000e+00,4.393660128116607666e-01,4.415323138236999512e-01,-3.316263437271118164e+00,3.890305519104003906e+00,-3.322510242462158203e+00,3.897090673446655273e+00
1.199999999999978639e+00,1.856498001221131705e-02,1.061519540375402137e-01,-3.290809211873531911e-06,-7.283082229170914634e-04,-2.002063896964933505e-05,1.343095219332426558e-04,1.720731831411132645e-02,1.654107492089770259e-01,3.078169474887622936e+00,5.416316860475376416e-01,1.047650475268837811e+00,8.924939581991340187e-01,5.190407805880905556e+01,3.078155398694851996e+00,5.416355095606510961e-01,1.043852223979761407e+00,8.951238617747423465e-01,5.233209900536316184e+01,1.896907091140747070e-01,1.608143597841262817e-01,-2.739347517490386963e-03,6.198869943618774414e-01,4.039485931396484375e+01,2.010032534599304199e-01,5.190407943725585938e+01,0.000000000000000000e+00,1.896922290325164795e-01,1.608106642961502075e-01,-2.171359956264495850e-03,6.195253729820251465e-01,4.018943405151367188e+01,2.071567177772521973e-01,5.233209991455078125e+01,0.000000000000000000e+00,9.199992418289184570e-01,1.697398722171783447e-01,0.000000000000000000e+00,0.000000000000000000e+00,4.812866747379302979e-01,4.791089296340942383e-01,-3.308850765228271484e+00,3.923611402511596680e+00,-3.289440155029296875e+00,3.906445741653442383e+00
1.219999999999976437e+00,1.741754286728400963e-02,-1.634314206741035169e-01,-1.710566158415089633e-05,1.106725737724678464e-03,-1.453657277350306313e-05,-3.029703724019879984e-04,2.056851914225315409e-02,1.763548105134983834e-01,3.086565715565292578e+00,5.545531962199558018e-01,1.169474123622743500e-01,5.905080626369019203e-01,5.881501727821246561e+01,3.086521606717704369e+00,5.545940448586054172e-01,1.172624325282843466e-01,5.832233357600262735e-01,5.925807024032674519e+01,1.902205795049667358e-01,1.700145006179809570e-01,4.661702364683151245e-02,4.346618652343750000e-01,2.392843627929687500e+01,5.344022274017333984e+00,5.881501770019531250e+01,0.000000000000000000e+00,1.902281641960144043e-01,1.700143814086914062e-01,4.589582607150077820e-02,4.319542646408081055e-01,2.398025894165039062e+01,5.398426532745361328e+00,5.925807189941406250e+01,0.000000000000000000e+00,9.699991941452026367e-01,1.886648684740066528e-01,0.000000000000000000e+00,0.000000000000000000e+00,4.732434749603271484e-01,4.615354537963867188e-01,-5.818796157836914062e-02,4.355129241943359375e+00,-4.278695583343505859e-02,4.381189346313476562e+00
1.239999999999974234e+00,1.378644924694963879e-02,-1.884265567530347130e-01,-1.206769134998801687e-05,-1.792704996009947260e-06,-1.291736181694210791e-05,2.233539966474942708e-04,2.431825561511202424e-02,2.001305573817429018e-01,3.087112327941478718e+00,5.665495424209989750e-01,-1.060298496516498892e-02,6.079255107381087431e-01,5.292071242323810054e+01,3.087079161856748133e+00,5.665780161465818754e-01,-9.684938984634933190e-03,6.102301216983894161e-01,5.254453576438744733e+01,1.913224160671234131e-01,1.784927695989608765e-01,5.914173647761344910e-02,4.201987981796264648e-01,1.668220520019531250e+01,6.197268962860107422e+00,5.292071151733398438e+01,0.000000000000000000e+00,1.913279145956039429e-01,1.784916967153549194e-01,5.928651988506317139e-02,4.214252233505249023e-01,1.652137756347656250e+01,6.172850608825683594e+00,5.254453659057617188e+01,0.000000000000000000e+00,1.019999623298645020e+00,2.085898369550704956e-01,0.000000000000000000e+00,0.000000000000000000e+00,5.288988351821899414e-01,5.341431498527526855e-01,8.572717905044555664e-01,4.000587463378906250e+00,8.618439435958862305e-01,3.975726127624511719e+00
1.259999999999972031e+00,1.002186668323745006e-02,-1.884005427283670930e-01,-1.148758628342409694e-05,-2.912405003787389528e-03,-6.755992731403238699e-06,1.612067810326589913e-03,2.855126444031709509e-02,2.243970448202335377e-01,3.086891057475161571e+00,5.786274344246775669e-01,-5.179241717499226058e-03,5.852424563208511454e-01,5.209275229745724545e+01,3.086862955078859549e+00,5.786775073864791619e-01,-5.510769127251117193e-03,6.031713080893594814e-01,5.060566018788370002e+01,1.925003379583358765e-01,1.868590712547302246e-01,5.671242251992225647e-02,4.134364724159240723e-01,1.369567584991455078e+01,6.774488449096679688e+00,5.209275054931640625e+01,0.000000000000000000e+00,1.925075501203536987e-01,1.868684887886047363e-01,5.846529826521873474e-02,4.202671945095062256e-01,1.305356502532958984e+01,6.624347686767578125e+00,5.060565948486328125e+01,0.000000000000000000e+00,1.070000767707824707e+00,2.295148521661758423e-01,0.000000000000000000e+00,0.000000000000000000e+00,5.294628143310546875e-01,5.555294752120971680e-01,1.317863106727600098e+00,3.943739414215087891e+00,1.317029714584350586e+00,3.823795795440673828e+00
1.279999999999969829e+00,6.233794217765572035e-03,-1.912888346156870756e-01,-1.140506560458186635e-05,-2.779051816051745106e-03,1.222424680048527040e-06,1.466402421770876367e-03,3.327357374616516511e-02,2.492041102967649246e-01,3.086976214242227901e+00,5.901636703963423214e-01,1.297156880468618850e-02,5.511812139523130094e-01,5.208713170262765146e+01,3.086952595020005852e+00,5.902173199717248853e-01,1.267984699188563595e-02,5.675670762513680412e-01,5.064025283865264271e+01,1.936043649911880493e-01,1.951519399881362915e-01,5.208447575569152832e-02,4.097986221313476562e-01,1.158555030822753906e+01,7.303477764129638672e+00,5.208713150024414062e+01,0.000000000000000000e+00,1.936115175485610962e-01,1.951642185449600220e-01,5.369062721729278564e-02,4.160476922988891602e-01,1.098825263977050781e+01,7.165107727050781250e+00,5.064025115966796875e+01,0.000000000000000000e+00,1.120001912117004395e+00,2.514398992061614990e-01,0.000000000000000000e+00,0.000000000000000000e+00,5.527389049530029297e-01,5.766828656196594238e-01,1.688649535179138184e+00,3.950432777404785156e+00,1.688367366790771484e+00,3.839157819747924805e+00
1.299999999999967626e+00,2.368788977576714166e-03,-1.954230614484037121e-01,-1.562857577088486117e-05,3.857722139382579324e-03,9.744363942309655868e-06,-1.395239393522672939e-03,3.850165139674552317e-02,2.751014033469720843e-01,3.087373459908484996e+00,6.009776386436329609e-01,2.444725494911608246e-02,5.337613687770175197e-01,5.061130794340308370e+01,3.087352871953970457e+00,6.010175531061237031e-01,2.613504343175012887e-02,5.135564750359962183e-01,5.207166127524257604e+01,1.946157366037368774e-01,2.033566385507583618e-01,4.958643019199371338e-02,4.114241003990173340e-01,9.127890586853027344e+00,7.708674907684326172e+00,5.061130905151367188e+01,0.000000000000000000e+00,1.946212947368621826e-01,2.033646255731582642e-01,4.749048873782157898e-02,4.042004346847534180e-01,9.607941627502441406e+00,7.859551429748535156e+00,5.207166290283203125e+01,0.000000000000000000e+00,1.170003056526184082e+00,2.743649482727050781e-01,0.000000000000000000e+00,0.000000000000000000e+00,6.061420440673828125e-01,5.766759514808654785e-01,2.044270992279052734e+00,3.873874187469482422e+00,2.058978796005249023e+00,3.978862762451171875e+00
1.319999999999965423e+00,-1.584483781965522744e-03,-1.999443249657308075e-01,-1.476318676063572003e-05,-2.103336084637763732e-03,1.488926081324459002e-05,1.185850146671748760e-03,4.425879217922734643e-02,3.021785976436073273e-01,3.087959274049209224e+00,6.110707456606805366e-01,3.248751803241359259e-02,4.839265140229933593e-01,5.237664877478868419e+01,3.087938988849056710e+00,6.111409610479578980e-01,3.182289610016943854e-02,4.955202792000022449e-01,5.114797509214946558e+01,1.955442279577255249e-01,2.114400416612625122e-01,4.420741647481918335e-02,3.995975553989410400e-01,7.753006935119628906e+00,8.389019966125488281e+00,5.237664794921875000e+01,0.000000000000000000e+00,1.955527514219284058e-01,2.114598304033279419e-01,4.538872465491294861e-02,4.038541913032531738e-01,7.251944541931152344e+00,8.288689613342285156e+00,5.114797592163085938e+01,0.000000000000000000e+00,1.220004200935363770e+00,2.982900440692901611e-01,0.000000000000000000e+00,0.000000000000000000e+00,6.131688952445983887e-01,6.284469366073608398e-01,2.409848690032958984e+00,4.007520198822021484e+00,2.415377140045166016e+00,3.919996738433837891e+00
1.339999999999963221e+00,-5.615429602377880990e-03,-2.034282202886671109e-01,-1.362971687650231250e-05,-2.444960641379045289e-03,1.905378054661134598e-05,1.294397183732259090e-03,5.056959831890908003e-02,3.305011232600632010e-01,3.088638225669110060e+00,6.205574681581538243e-01,3.555537256239360566e-02,4.527049255327386668e-01,5.261865381005359410e+01,3.088619362976041671e+00,6.206247058328728805e-01,3.502161513372930440e-02,4.673650272978027709e-01,5.119653695252279846e+01,1.964083909988403320e-01,2.194007188081741333e-01,4.102100804448127747e-02,3.921300172805786133e-01,5.908462524414062500e+00,8.945484161376953125e+00,5.261865234375000000e+01,0.000000000000000000e+00,1.964165568351745605e-01,2.194201499223709106e-01,4.249195754528045654e-02,3.976252675056457520e-01,5.331001281738281250e+00,8.820933341979980469e+00,5.119653701782226562e+01,0.000000000000000000e+00,1.270005345344543457e+00,3.232151269912719727e-01,0.000000000000000000e+00,0.000000000000000000e+00,6.380559206008911133e-01,6.591514348983764648e-01,2.770170688629150391e+00,4.046577453613281250e+00,2.773284435272216797e+00,3.942098617553710938e+00
1.359999999999961018e+00,-9.706327464808407746e-03,-2.059345859769984854e-01,-1.410695368186101471e-05,-2.455180147144546497e-03,2.313602217277244792e-05,1.291076320747255738e-03,5.745836547696210606e-02,3.600247970642925233e-01,3.089356714557276007e+00,6.294861644809027768e-01,3.667886631193065239e-02,4.263270951966148248e-01,5.274511792571475866e+01,3.089338180983588700e+00,6.295563303108998587e-01,3.607719632383677572e-02,4.410078323648100596e-01,5.128941432791855703e+01,1.972169131040573120e-01,2.272201329469680786e-01,3.844774886965751648e-02,3.848446309566497803e-01,4.047870159149169922e+00,9.476179122924804688e+00,5.274511718750000000e+01,0.000000000000000000e+00,1.972253173589706421e-01,2.272406369447708130e-01,3.992940858006477356e-02,3.903239071369171143e-01,3.462795734405517578e+00,9.351437568664550781e+00,5.128941345214843750e+01,0.000000000000000000e+00,1.320006489753723145e+00,3.491402566432952881e-01,0.000000000000000000e+00,0.000000000000000000e+00,6.651740074157714844e-01,6.862096190452575684e-01,3.122814893722534180e+00,4.073101997375488281e+00,3.126501798629760742e+00,3.967678308486938477e+00
1.379999999999958815e+00,-1.383265813361905794e-02,-2.055622691762858112e-01,-1.494650031142574071e-05,3.387792800950842256e-03,2.593986100999424551e-05,-1.467928256194448323e-03,6.494844368523060296e-02,3.906805767138981644e-01,3.090076173809876536e+00,6.378944494818906685e-01,3.431568806406198879e-02,4.134135996678808822e-01,5.086056428845716226e+01,3.090061788534523846e+00,6.379397073314020394e-01,3.569946642770115142e-02,3.951908624968061279e-01,5.226221635138913513e+01,1.979762911796569824e-01,2.348738610744476318e-01,3.746470808982849121e-02,3.786244392395019531e-01,1.856842517852783203e+00,9.791821479797363281e+00,5.086056518554687500e+01,0.000000000000000000e+00,1.979818791151046753e-01,2.348861396312713623e-01,3.556981682777404785e-02,3.720553517341613770e-01,2.280501842498779297e+00,9.930674552917480469e+00,5.226221466064453125e+01,0.000000000000000000e+00,1.370007634162902832e+00,3.649484515190124512e-01,0.000000000000000000e+00,0.000000000000000000e+00,7.281519770622253418e-01,7.016803026199340820e-01,3.424959659576416016e+00,3.983008861541748047e+00,3.440090179443359375e+00,4.078273773193359375e+00
1.399999999999956612e+00,-1.791424914991984058e-02,-2.021989036561825659e-01,-1.307563415297302064e-05,-2.968785168820447899e-03,2.726688885909392591e-05,1.467062865594605421e-03,7.306142608334277588e-02,4.223983885580588904e-01,3.090747288964504680e+00,6.455751296207765666e-01,3.271583191441922861e-02,3.591688661467706822e-01,5.290738223043725696e+01,3.090731115779083993e+00,6.456453969317726971e-01,3.177013094320062236e-02,3.760664973263383448e-01,5.124441467198782618e+01,1.986701488494873047e-01,2.421831637620925903e-01,3.236321359872817993e-02,3.536354601383209229e-01,1.076615571975708008e+00,1.034772300720214844e+01,5.290738296508789062e+01,0.000000000000000000e+00,1.986784040927886963e-01,2.422046214342117310e-01,3.409572690725326538e-02,3.598505258560180664e-01,4.257648587226867676e-01,1.020624732971191406e+01,5.124441528320312500e+01,0.000000000000000000e+00,1.420008778572082520e+00,3.730614483356475830e-01,0.000000000000000000e+00,0.000000000000000000e+00,7.296781539916992188e-01,7.536550760269165039e-01,3.696313381195068359e+00,4.123237133026123047e+00,3.699407339096069336e+00,4.004657268524169922e+00
1.419999999999954410e+00,-2.190862420515984899e-02,-1.973811252213622247e-01,-1.323952554956919372e-05,-3.195233112231876584e-03,2.857635087061115924e-05,1.566345971641402339e-03,8.182022059921720269e-02,4.552670550191618148e-01,3.091364219115959600e+00,6.526132995177266194e-01,3.044372624312542339e-02,3.278803126662146461e-01,5.304843649574916498e+01,3.091348564121795484e+00,6.526858789091318780e-01,2.921917937792328779e-02,3.454856007134883833e-01,5.129113130845011170e+01,1.993069052696228027e-01,2.491363137960433960e-01,2.954322844743728638e-02,3.358517289161682129e-01,-2.092174887657165527e-01,1.073272037506103516e+01,5.304843521118164062e+01,0.000000000000000000e+00,1.993152648210525513e-01,2.491587251424789429e-01,3.137104585766792297e-02,3.422397375106811523e-01,-8.898043036460876465e-01,1.058613872528076172e+01,5.129113006591796875e+01,0.000000000000000000e+00,1.470009922981262207e+00,3.818202316761016846e-01,0.000000000000000000e+00,0.000000000000000000e+00,7.530862092971801758e-01,7.774730324745178223e-01,3.947821855545043945e+00,4.147242546081542969e+00,3.951544761657714844e+00,4.023665428161621094e+00
1.439999999999952207e+00,-2.579965918523148202e-02,-1.913364080983829540e-01,-1.665318508618437998e-05,2.814574199914020042e-03,3.189505163141040882e-05,-1.249269331747223993e-03,9.124635580582601824e-02,4.892103001485054725e-01,3.091936939366236370e+00,6.590818255167441020e-01,2.712231984475774529e-02,3.192487187220554024e-01,5.108738030431680954e+01,3.091920958309475331e+00,6.591376552448009463e-01,2.805654997267164469e-02,3.030913442932026691e-01,5.235228956647576837e+01,1.998925060033798218e-01,2.557490170001983643e-01,2.901990525424480438e-02,3.252497017383575439e-01,-2.016948938369750977e+00,1.094852638244628906e+01,5.108737945556640625e+01,0.000000000000000000e+00,1.998993456363677979e-01,2.557649910449981689e-01,2.735706977546215057e-02,3.193173706531524658e-01,-1.680850863456726074e+00,1.107127189636230469e+01,5.235229110717773438e+01,0.000000000000000000e+00,1.520011067390441895e+00,3.912463784217834473e-01,0.000000000000000000e+00,0.000000000000000000e+00,7.987285852432250977e-01,7.739793658256530762e-01,4.181402683258056641e+00,4.053930759429931641e+00,4.198078155517578125e+00,4.134546279907226562e+00
1.459999999999950004e+00,-2.957614155939975245e-02,-1.862224190872365792e-01,-1.084121927100641351e-05,-4.225114893671480867e-03,3.022412884439056778e-05,1.949570193555217722e-03,1.013599208783952516e-01,5.240319718052688369e-01,3.092470554187479070e+00,6.650112441526279117e-01,2.676386801146433958e-02,2.719352828475566919e-01,5.339502890009133296e+01,3.092456231227638241e+00,6.650796681771224961e-01,2.533812452873747401e-02,2.951797857850223528e-01,5.121093114352616738e+01,2.004293352365493774e-01,2.620240151882171631e-01,2.444248460233211517e-02,3.016384840011596680e-01,-2.510884523391723633e+00,1.145165824890136719e+01,5.339502716064453125e+01,0.000000000000000000e+00,2.004372477531433105e-01,2.620452344417572021e-01,2.684533968567848206e-02,3.101426661014556885e-01,-3.341745853424072266e+00,1.126064872741699219e+01,5.121092987060546875e+01,0.000000000000000000e+00,1.570012211799621582e+00,4.013599157333374023e-01,0.000000000000000000e+00,0.000000000000000000e+00,7.915725708007812500e-01,8.250710964202880859e-01,4.409513950347900391e+00,4.200695037841796875e+00,4.409600257873535156e+00,4.044928550720214844e+00
1.479999999999947802e+00,-3.323244539785481788e-02,-1.795225815828606075e-01,-1.178564232070821999e-05,8.874948506735653997e-04,3.128629284207513846e-05,-4.542887554492066205e-04,1.121797048314996242e-01,5.598466067317952044e-01,3.092970995178627280e+00,6.704933828341330670e-01,2.366876887009389599e-02,2.633154845861451765e-01,5.269344982146441936e+01,3.092956441690494884e+00,6.705330002044687099e-01,2.483955366160455966e-02,2.617500138032729518e-01,5.236202780894576136e+01,2.009256482124328613e-01,2.679926156997680664e-01,2.388532646000385284e-02,2.904619872570037842e-01,-4.056888103485107422e+00,1.166418743133544922e+01,5.269345092773437500e+01,0.000000000000000000e+00,2.009307891130447388e-01,2.680027484893798828e-01,2.363291941583156586e-02,2.902832627296447754e-01,-4.097851276397705078e+00,1.167147731781005859e+01,5.236202621459960938e+01,0.000000000000000000e+00,1.620013356208801270e+00,4.121797084808349609e-01,0.000000000000000000e+00,0.000000000000000000e+00,8.254878520965576172e-01,8.265632987022399902e-01,4.619826793670654297e+00,4.131060600280761719e+00,4.625988960266113281e+00,4.129853248596191406e+00
1.499999999999945599e+00,-3.676448897966532597e-02,-1.738125520582085581e-01,-1.387420337558797823e-05,-4.572588205965058203e-03,3.246331352176200940e-05,2.241048780335048139e-03,1.237234101875676062e-01,5.964620884796856259e-01,3.093442853991105856e+00,6.755035564599092268e-01,2.404539020513670605e-02,2.280638581025286327e-01,5.359725344613441678e+01,3.093425530727245132e+00,6.755853285497437355e-01,2.197764249276587534e-02,2.523919032860599820e-01,5.123236504390902724e+01,2.013785690069198608e-01,2.736434936523437500e-01,2.041044272482395172e-02,2.712040245532989502e-01,-4.603856086730957031e+00,1.207122039794921875e+01,5.359725189208984375e+01,0.000000000000000000e+00,2.013880908489227295e-01,2.736690044403076172e-01,2.297889441251754761e-02,2.798931598663330078e-01,-5.511805057525634766e+00,1.187091541290283203e+01,5.123236465454101562e+01,0.000000000000000000e+00,1.670014500617980957e+00,4.237234294414520264e-01,0.000000000000000000e+00,0.000000000000000000e+00,8.300980925559997559e-01,8.630713224411010742e-01,4.817166328430175781e+00,4.234939575195312500e+00,4.820328712463378906e+00,4.067797660827636719e+00
1.519999999999943396e+00,-4.016947820130740282e-02,-1.665190336109911018e-01,-2.013595884632102972e-05,1.791563528723721412e-03,3.652443147118328352e-05,-7.157143835456289578e-04,1.360078702752652025e-01,6.339837091384800116e-01,3.093886307429750904e+00,6.801501027199938765e-01,2.143277526648883907e-02,2.310071941171610577e-01,5.126269379781732738e+01,3.093866580103048047e+00,6.802252998244979754e-01,2.133698366790207773e-02,2.184183717694987426e-01,5.223715050562528006e+01,2.017985135316848755e-01,2.790155410766601562e-01,2.094060741364955902e-02,2.640977203845977783e-01,-6.229404449462890625e+00,1.219227981567382812e+01,5.126269531250000000e+01,0.000000000000000000e+00,2.018076330423355103e-01,2.790377140045166016e-01,1.970929652452468872e-02,2.591735124588012695e-01,-6.056980133056640625e+00,1.228644371032714844e+01,5.223715209960937500e+01,0.000000000000000000e+00,1.720015645027160645e+00,4.360078871250152588e-01,0.000000000000000000e+00,0.000000000000000000e+00,8.744196295738220215e-01,8.516818284988403320e-01,5.000546455383300781e+00,4.121445655822753906e+00,5.020618915557861328e+00,4.174970626831054688e+00
1.539999999999941194e+00,-4.344487354785590838e-02,-1.602350548717274281e-01,-1.723818912784529528e-05,7.182217470832375113e-04,3.498390460024789216e-05,-3.005187614114777570e-04,1.490490147331042514e-01,6.722049178235908196e-01,3.094301707331531315e+00,6.844361680724156960e-01,2.032203576302905185e-02,2.097823244652412267e-01,5.144480907652190638e+01,3.094284185400639764e+00,6.845039046703909058e-01,2.006245798362800772e-02,2.038486047610341412e-01,5.201386963042576639e+01,2.021857351064682007e-01,2.841080427169799805e-01,1.896077021956443787e-02,2.491651475429534912e-01,-7.048877716064453125e+00,1.248501586914062500e+01,5.144480895996093750e+01,0.000000000000000000e+00,2.021939009428024292e-01,2.841279506683349609e-01,1.839812286198139191e-02,2.467653453350067139e-01,-7.049541473388671875e+00,1.252738380432128906e+01,5.201387023925781250e+01,0.000000000000000000e+00,1.770016789436340332e+00,4.490490257740020752e-01,0.000000000000000000e+00,0.000000000000000000e+00,8.856322169303894043e-01,8.739605545997619629e-01,5.178872108459472656e+00,4.153811454772949219e+00,5.194537162780761719e+00,4.170176982879638672e+00
1.559999999999938991e+00,-4.659079672656388921e-02,-1.541760220750674482e-01,-1.266981935688566075e-05,-9.415740439443036347e-04,3.285149607208085501e-05,4.043206469528503461e-04,1.628618238241636151e-01,7.111335000083002233e-01,3.094693550013546623e+00,6.883968861998746025e-01,1.911501139204048808e-02,1.857928435740215378e-01,5.326221644239316788e+01,3.094676917927887683e+00,6.884495425849734840e-01,1.916805671829953372e-02,1.926266759169022180e-01,5.218303741469848944e+01,2.025431394577026367e-01,2.889361381530761719e-01,1.671165972948074341e-02,2.333479225635528564e-01,-7.707714557647705078e+00,1.279220771789550781e+01,5.326221466064453125e+01,0.000000000000000000e+00,2.025497406721115112e-01,2.889502048492431641e-01,1.738139614462852478e-02,2.360211610794067383e-01,-8.033938407897949219e+00,1.273286533355712891e+01,5.218303680419921875e+01,0.000000000000000000e+00,1.820017933845520020e+00,4.628618359565734863e-01,0.000000000000000000e+00,0.000000000000000000e+00,8.894885182380676270e-01,9.008674025535583496e-01,5.348907470703125000e+00,4.207536697387695312e+00,5.354687690734863281e+00,4.152297019958496094e+00
1.579999999999936788e+00,-4.961080930244376325e-02,-1.475637723963164616e-01,-1.828177290738881026e-05,-3.302698749362274235e-04,3.491146181452742031e-05,2.414848368641464831e-04,1.774602831799876601e-01,7.508053619984598193e-01,3.095065251368603665e+00,6.920287405267147030e-01,1.846508283819681129e-02,1.764023212308419020e-01,5.157923737937093733e+01,3.095045920328577616e+00,6.921057218725110705e-01,1.749414349255339063e-02,1.754206013952191723e-01,5.178286594939476117e+01,2.028701007366180420e-01,2.935029864311218262e-01,1.585178449749946594e-02,2.228510677814483643e-01,-8.651397705078125000e+00,1.299005889892578125e+01,5.157923889160156250e+01,0.000000000000000000e+00,2.028793841600418091e-01,2.935257554054260254e-01,1.583709195256233215e-02,2.221129685640335083e-01,-8.826065063476562500e+00,1.299288940429687500e+01,5.178286743164062500e+01,0.000000000000000000e+00,1.870019078254699707e+00,4.774602949619293213e-01,0.000000000000000000e+00,0.000000000000000000e+00,9.137907028198242188e-01,9.078944325447082520e-01,5.502748012542724609e+00,4.190633773803710938e+00,5.518595218658447266e+00,4.174465179443359375e+00
1.599999999999934586e+00,-5.250279152514325531e-02,-1.405376013538517377e-01,-1.763392343995237913e-05,4.181193662348640927e-03,3.441988873145281411e-05,-2.021000961901788483e-03,1.928579934901071269e-01,7.911382717061807845e-01,3.095413476056555258e+00,6.954136352027681101e-01,1.585180095678960510e-02,1.761854931454243101e-01,5.086125529233820686e+01,3.095394777261095687e+00,6.954592943712003539e-01,1.754832560122752613e-02,1.532675933811641911e-01,5.276289303998830604e+01,2.031749039888381958e-01,2.978372871875762939e-01,1.606150157749652863e-02,2.147808074951171875e-01,-9.871557235717773438e+00,1.311574172973632812e+01,5.086125564575195312e+01,0.000000000000000000e+00,2.031809538602828979e-01,2.978481352329254150e-01,1.365513447672128677e-02,2.065045535564422607e-01,-9.324396133422851562e+00,1.329439735412597656e+01,5.276289367675781250e+01,0.000000000000000000e+00,1.920020222663879395e+00,4.928579926490783691e-01,0.000000000000000000e+00,0.000000000000000000e+00,9.397267103195190430e-01,9.062469005584716797e-01,5.653356552124023438e+00,4.118311882019042969e+00,5.672877311706542969e+00,4.241702556610107422e+00
1.619999999999932383e+00,-5.527120054272111060e-02,-1.344038678880436211e-01,-1.795831671149799335e-05,3.586145111282947485e-03,3.375160007080766218e-05,-1.746455153545523357e-03,2.090674008193003919e-01,8.320479611418316601e-01,3.095742588859780486e+00,6.985134123519933791e-01,1.518979089779582022e-02,1.627452462384924581e-01,5.090927454995540558e+01,3.095724213308523431e+00,6.985647589383474632e-01,1.630578866058925158e-02,1.417317452660726285e-01,5.263413434753087472e+01,2.034533172845840454e-01,3.019304871559143066e-01,1.479887589812278748e-02,2.031846493482589722e-01,-1.057428741455078125e+01,1.333111286163330078e+01,5.090927505493164062e+01,0.000000000000000000e+00,2.034599483013153076e-01,3.019434809684753418e-01,1.262842677533626556e-02,1.954348683357238770e-01,-1.010147857666015625e+01,1.349530696868896484e+01,5.263413619995117188e+01,0.000000000000000000e+00,1.970021367073059082e+00,5.090674161911010742e-01,0.000000000000000000e+00,0.000000000000000000e+00,9.529348611831665039e-01,9.206987619400024414e-01,5.793167114257812500e+00,4.131855010986328125e+00,5.813666343688964844e+00,4.242308616638183594e+00
1.639999999999930180e+00,-5.790513389635790209e-02,-1.253174614964848443e-01,-1.088598105313486313e-05,-4.064887921810840868e-03,2.954028974738560166e-05,1.949091119201611490e-03,2.260996348611265250e-01,8.730920952632621468e-01,3.096037885401010659e+00,7.012685995165259811e-01,1.196122681656842761e-02,9.544300069569858214e-02,5.322459236682031047e+01,3.096020929509179620e+00,7.013303343098472586e-01,1.054291336969654519e-02,1.183865294932123502e-01,5.095528199451766227e+01,2.037007212638854980e-01,3.057428002357482910e-01,8.425704203546047211e-03,1.667769104242324829e-01,-9.690541267395019531e+00,1.346571826934814453e+01,5.322459411621093750e+01,0.000000000000000000e+00,2.037082612514495850e-01,3.057605624198913574e-01,1.081374939531087875e-02,1.751645207405090332e-01,-1.051265239715576172e+01,1.327710437774658203e+01,5.095528030395507812e+01,0.000000000000000000e+00,2.000000000000000000e+00,5.260996818542480469e-01,0.000000000000000000e+00,0.000000000000000000e+00,1.010058641433715820e+00,1.043458700180053711e+00,5.769249439239501953e+00,4.270867347717285156e+00,5.769354343414306641e+00,4.116326332092285156e+00
1.659999999999927978e+00,-6.010410153340894207e-02,-9.301698102812050450e-02,-1.695047671775898969e-05,-9.191549974758785220e-04,3.352080655849556045e-05,4.777627310791998476e-04,2.439552589043753605e-01,9.147050357084022254e-01,3.096097811187453974e+00,7.024951221803132917e-01,-3.083184468668963979e-03,2.091831760893041528e-02,5.117177701873958995e+01,3.096076632270512441e+00,7.025711939003984607e-01,-4.149450255910044731e-03,2.238100649343253978e-02,5.119211105129981831e+01,2.038169354200363159e-01,3.084400594234466553e-01,2.328709466382861137e-03,1.000058352947235107e-01,-8.425596237182617188e+00,1.307318401336669922e+01,5.117177581787109375e+01,0.000000000000000000e+00,2.038262188434600830e-01,3.084618747234344482e-01,2.563394606113433838e-03,1.001816466450691223e-01,-8.663179397583007812e+00,1.305579566955566406e+01,5.119211196899414062e+01,0.000000000000000000e+00,2.000000000000000000e+00,5.439552664756774902e-01,0.000000000000000000e+00,0.000000000000000000e+00,1.047015070915222168e+00,1.044676184654235840e+00,5.518736362457275391e+00,4.243221759796142578e+00,5.532465457916259766e+00,4.212945938110351562e+00
1.679999999999925775e+00,-6.164248303106933946e-02,-5.927657016492420688e-02,-1.004142191849700442e-05,1.748983065263375394e-03,2.932924856379394727e-05,-1.121638530611939041e-03,2.626512419991228198e-01,9.570806059649253905e-01,3.095908408862938277e+00,7.022036415493879691e-01,-1.498419070423045833e-02,-4.630008562458108601e-02,5.311477307105391077e+01,3.095891812625066297e+00,7.022225514866169416e-01,-1.284059196077650886e-02,-5.080890807184730573e-02,5.293862136595093659e+01,2.038041055202484131e-01,3.097955584526062012e-01,-3.312940243631601334e-03,3.578815981745719910e-02,-6.955275058746337891e+00,1.267650604248046875e+01,5.311477279663085938e+01,0.000000000000000000e+00,2.038074135780334473e-01,3.097968697547912598e-01,-3.939746879041194916e-03,3.482569009065628052e-02,-6.870042324066162109e+00,1.271093082427978516e+01,5.293862152099609375e+01,0.000000000000000000e+00,2.000000000000000000e+00,5.626512765884399414e-01,0.000000000000000000e+00,0.000000000000000000e+00,1.043891310691833496e+00,1.044502735137939453e+00,5.248791217803955078e+00,4.234542369842529297e+00,5.254282951354980469e+00,4.256323814392089844e+00
1.699999999999923572e+00,-6.252182881871055919e-02,-2.635127861792823170e-02,-1.696744896697528000e-05,2.341330601581180677e-03,3.191827360141796512e-05,-1.242977725073103916e-03,2.821982930749434848e-01,9.998235167848054106e-01,3.095556067416901147e+00,7.005927500456283763e-01,-2.139913501698437193e-02,-9.639070522594955781e-02,5.086543915762541701e+01,3.095536039228464986e+00,7.006445498694453544e-01,-2.065820598770802888e-02,-1.106620766646512211e-01,5.209506563559268955e+01,2.036745846271514893e-01,3.099198341369628906e-01,-7.721473462879657745e-03,-1.894523017108440399e-02,-5.446902751922607422e+00,1.219740867614746094e+01,5.086544036865234375e+01,0.000000000000000000e+00,2.036814242601394653e-01,3.099327087402343750e-01,-9.194849058985710144e-03,-2.421424351632595062e-02,-5.174954414367675781e+00,1.230874252319335938e+01,5.209506607055664062e+01,0.000000000000000000e+00,2.000000000000000000e+00,5.821982622146606445e-01,0.000000000000000000e+00,0.000000000000000000e+00,1.051105737686157227e+00,1.029345989227294922e+00,4.944818496704101562e+00,4.197781085968017578e+00,4.962841510772705078e+00,4.267872810363769531e+00
1.719999999999921370e+00,-6.276879641213686800e-02,4.041993209860227955e-03,-2.012209394296944303e-05,1.860052290172205768e-03,3.277849286449326035e-05,-8.625016160841967889e-04,3.025996755815257844e-01,1.042518686346100898e+00,3.095086922205176450e+00,6.979411587698015618e-01,-2.592902615455054335e-02,-1.454388570294481431e-01,5.092674361130566041e+01,3.095063691209194445e+00,6.980088959687658079e-01,-2.589692704878778298e-02,-1.582830242804947329e-01,5.197884459064767526e+01,2.034521847963333130e-01,3.089648187160491943e-01,-1.218077912926673889e-02,-7.004766911268234253e-02,-3.654851436614990234e+00,1.173685741424560547e+01,5.092674255371093750e+01,0.000000000000000000e+00,2.034608125686645508e-01,3.089825809001922607e-01,-1.345273666083812714e-02,-7.502310723066329956e-02,-3.472040653228759766e+00,1.183546161651611328e+01,5.197884368896484375e+01,0.000000000000000000e+00,2.000000000000000000e+00,6.025996804237365723e-01,0.000000000000000000e+00,0.000000000000000000e+00,1.041168928146362305e+00,1.018870234489440918e+00,4.623359203338623047e+00,4.196272850036621094e+00,4.644227504730224609e+00,4.252601623535156250e+00
1.739999999999919167e+00,-6.243070470154050977e-02,3.099035402673008463e-02,-1.394052517731215953e-05,-6.274162397854271891e-04,2.810421764747253126e-05,2.213260472186215789e-04,3.238532532237669015e-01,1.084936389844293858e+00,3.094532664299317393e+00,6.944149711920371004e-01,-2.910350078273199123e-02,-1.992895446930494641e-01,5.360926016217823786e+01,3.094512648124279508e+00,6.944657023137297269e-01,-2.911702156972028818e-02,-1.945876295692845204e-01,5.259273952731785329e+01,2.031506597995758057e-01,3.070538938045501709e-01,-1.722123660147190094e-02,-1.190707907080650330e-01,-1.484200716018676758e+00,1.132893180847167969e+01,5.360926055908203125e+01,0.000000000000000000e+00,2.031573653221130371e-01,3.070661723613739014e-01,-1.675598509609699249e-02,-1.172498911619186401e-01,-1.760496854782104492e+00,1.128862667083740234e+01,5.259273910522460938e+01,0.000000000000000000e+00,2.000000000000000000e+00,6.238532662391662598e-01,0.000000000000000000e+00,0.000000000000000000e+00,1.012059330940246582e+00,1.020075440406799316e+00,4.289022922515869141e+00,4.252465248107910156e+00,4.297575950622558594e+00,4.209518432617187500e+00
1.759999999999916964e+00,-6.156560189336136857e-02,5.615417288073422386e-02,-1.847250430671031919e-05,-8.738372279502521281e-04,2.838036007655838594e-05,4.597206210024034137e-04,3.459530836662594866e-01,1.127080267131956193e+00,3.093923651996236757e+00,6.900985179257550506e-01,-3.099211306345225209e-02,-2.319951856812346169e-01,5.128997761671476496e+01,3.093900892108026213e+00,6.901743575339153169e-01,-3.222056184769302167e-02,-2.302652245670779585e-01,5.129002982685665302e+01,2.027760446071624756e-01,3.042888343334197998e-01,-2.027356997132301331e-02,-1.576253026723861694e-01,3.617740571498870850e-01,1.079962921142578125e+01,5.128997802734375000e+01,0.000000000000000000e+00,2.027854621410369873e-01,3.043099343776702881e-01,-1.999947987496852875e-02,-1.574047207832336426e-01,9.988831728696823120e-02,1.078231906890869141e+01,5.129003143310546875e+01,0.000000000000000000e+00,2.000000000000000000e+00,6.459530591964721680e-01,0.000000000000000000e+00,0.000000000000000000e+00,1.002804756164550781e+00,1.000991225242614746e+00,3.937305212020874023e+00,4.229223728179931641e+00,3.953102588653564453e+00,4.196648597717285156e+00
1.779999999999914762e+00,-6.022181712513262342e-02,7.775794834632707153e-02,-1.409659448823627070e-05,-3.229303740193086285e-03,2.434068853576053920e-05,1.530790664630687047e-03,3.688910445187077447e-01,1.168649416198171753e+00,3.093269402648213706e+00,6.851556759565015087e-01,-3.252087566256426504e-02,-2.739284259592590920e-01,5.403265077524928728e+01,3.093247863621855220e+00,6.852215677610264954e-01,-3.389354494132718054e-02,-2.557943410336674384e-01,5.203953186480700310e+01,2.023437917232513428e-01,3.007854521274566650e-01,-2.425759099423885345e-02,-1.960695385932922363e-01,2.628518104553222656e+00,1.035391998291015625e+01,5.403264999389648438e+01,0.000000000000000000e+00,2.023520767688751221e-01,3.008029758930206299e-01,-2.235441282391548157e-02,-1.895319819450378418e-01,1.923850297927856445e+00,1.020616817474365234e+01,5.203953170776367188e+01,0.000000000000000000e+00,2.000000000000000000e+00,6.688910722732543945e-01,0.000000000000000000e+00,0.000000000000000000e+00,9.704464077949523926e-01,9.963169693946838379e-01,3.580711364746093750e+00,4.279593467712402344e+00,3.585975885391235352e+00,4.152748584747314453e+00
1.799999999999912559e+00,-5.845728908969510806e-02,9.921541588066100370e-02,-1.850637309009014884e-05,1.805242799463638390e-03,2.407548046944009833e-05,-9.171961038075726776e-04,3.926560059519271229e-01,1.209800860071477135e+00,3.092584396854919593e+00,6.796597118296834328e-01,-3.509180745614901703e-02,-2.772126916291295928e-01,5.086389586536709828e+01,3.092562855900346630e+00,6.797199839003736921e-01,-3.507389557396056734e-02,-2.897376193018775803e-01,5.188265752331976444e+01,2.018601447343826294e-01,2.966352999210357666e-01,-2.433640882372856140e-02,-2.197409272193908691e-01,3.932604312896728516e+00,9.667990684509277344e+00,5.086389541625976562e+01,0.000000000000000000e+00,2.018678784370422363e-01,2.966506779193878174e-01,-2.557165548205375671e-02,-2.245976626873016357e-01,4.118558406829833984e+00,9.766510009765625000e+00,5.188265609741210938e+01,0.000000000000000000e+00,2.000000000000000000e+00,6.926560401916503906e-01,0.000000000000000000e+00,0.000000000000000000e+00,9.739169478416442871e-01,9.529801011085510254e-01,3.217191696166992188e+00,4.141396999359130859e+00,3.237692594528198242e+00,4.197959899902343750e+00
1.819999999999910356e+00,-5.631624621807910375e-02,1.156831872163650854e-01,-1.429375399476888318e-05,-7.823102451330623229e-04,1.943656554567943162e-05,2.798735139872493907e-04,4.172355970566243299e-01,1.250082276489961952e+00,3.091875420187981671e+00,6.737025972038940269e-01,-3.569868883168089702e-02,-3.117315911423410579e-01,5.378315386950767873e+01,3.091854639271605976e+00,6.737547312443861180e-01,-3.591558360467023842e-02,-3.064665289951110649e-01,5.273967663353332114e+01,2.013336867094039917e-01,2.919207811355590820e-01,-2.764969505369663239e-02,-2.498280405998229980e-01,6.295229434967041016e+00,9.213909149169921875e+00,5.378315353393554688e+01,0.000000000000000000e+00,2.013405412435531616e-01,2.919332981109619141e-01,-2.711383067071437836e-02,-2.478630244731903076e-01,5.994824886322021484e+00,9.170766830444335938e+00,5.273967742919921875e+01,0.000000000000000000e+00,2.000000000000000000e+00,7.172355651855468750e-01,0.000000000000000000e+00,0.000000000000000000e+00,9.374984502792358398e-01,9.461577534675598145e-01,2.849533081054687500e+00,4.196991920471191406e+00,2.859082221984863281e+00,4.150690078735351562e+00
1.839999999999908153e+00,-5.385072975867016137e-02,1.301571466508118224e-01,-1.379725646782545708e-05,-2.586625216470767041e-03,1.715401460344562502e-05,1.162516881570165549e-03,4.426151443097063876e-01,1.289640221630777628e+00,3.091151008299366509e+00,6.673478201838498602e-01,-3.589688443494162134e-02,-3.371392639417941650e-01,5.406922049189494572e+01,3.091128901385961303e+00,6.674070841502632856e-01,-3.673147820141511866e-02,-3.214749495723712158e-01,5.232228341089468415e+01,2.007700949907302856e-01,2.867219150066375732e-01,-3.009111806750297546e-02,-2.742310762405395508e-01,8.530820846557617188e+00,8.719002723693847656e+00,5.406922149658203125e+01,0.000000000000000000e+00,2.007778137922286987e-01,2.867368161678314209e-01,-2.848222851753234863e-02,-2.684546113014221191e-01,7.916567325592041016e+00,8.592372894287109375e+00,5.232228469848632812e+01,0.000000000000000000e+00,2.000000000000000000e+00,7.426151633262634277e-01,0.000000000000000000e+00,0.000000000000000000e+00,9.084407687187194824e-01,9.323656558990478516e-01,2.477762699127197266e+00,4.223592281341552734e+00,2.483179569244384766e+00,4.114081859588623047e+00
1.859999999999905951e+00,-5.110642765773651397e-02,1.446074967881643414e-01,-1.671576259114164386e-05,2.014967605742085284e-03,1.594215505830994952e-05,-1.072994311713288068e-03,4.687788428593435142e-01,1.328537391104969156e+00,3.090413654640410179e+00,6.606816473423609004e-01,-3.742460874654304770e-02,-3.302690784806325830e-01,5.079167309286030729e+01,3.090393305605786622e+00,6.607332890990789132e-01,-3.704526586073193795e-02,-3.432958581484448213e-01,5.184510632817701037e+01,2.001778781414031982e-01,2.811188399791717529e-01,-2.924419008195400238e-02,-2.865620553493499756e-01,9.898679733276367188e+00,8.027769088745117188e+00,5.079167175292968750e+01,0.000000000000000000e+00,2.001846730709075928e-01,2.811314761638641357e-01,-3.055458515882492065e-02,-2.914808690547943115e-01,1.012237739562988281e+01,8.131216049194335938e+00,5.184510803222656250e+01,0.000000000000000000e+00,2.000000000000000000e+00,7.687788605690002441e-01,0.000000000000000000e+00,0.000000000000000000e+00,9.090514779090881348e-01,8.890783190727233887e-01,2.107453584671020508e+00,4.088141441345214844e+00,2.126516342163085938e+00,4.150259017944335938e+00
1.879999999999903748e+00,-4.812278027706847622e-02,1.554173006825192993e-01,-2.074908673713776372e-05,9.862084242855330592e-04,1.550104563962305496e-05,-4.257289474394372348e-04,4.957100609924729451e-01,1.366459076338032652e+00,3.089672223916787530e+00,6.537336639099563529e-01,-3.703791932602560483e-02,-3.436644695175681830e-01,5.087304483874432748e+01,3.089648617132725761e+00,6.538099796790917129e-01,-3.785272489296577503e-02,-3.532303293251581877e-01,5.154782732747137430e+01,1.995593011379241943e-01,2.751660346984863281e-01,-3.054311498999595642e-02,-3.024165630340576172e-01,1.199010658264160156e+01,7.494759082794189453e+00,5.087304306030273438e+01,0.000000000000000000e+00,1.995687484741210938e-01,2.751868963241577148e-01,-3.141209110617637634e-02,-3.064289689064025879e-01,1.204592323303222656e+01,7.569537162780761719e+00,5.154782867431640625e+01,0.000000000000000000e+00,2.000000000000000000e+00,7.957100868225097656e-01,0.000000000000000000e+00,0.000000000000000000e+00,8.868224620819091797e-01,8.681496381759643555e-01,1.734382152557373047e+00,4.084510803222656250e+00,1.757086157798767090e+00,4.119028091430664062e+00
1.899999999999901545e+00,-4.493422033663410642e-02,1.628636848964131467e-01,-1.199699355504364432e-05,-2.872839402956532152e-03,9.084338400300760179e-06,1.179177781893487242e-03,5.233913193995829438e-01,1.403334122127615879e+00,3.088923049359000306e+00,6.466093117498961096e-01,-3.663047669724450728e-02,-3.742465520058084749e-01,5.414932005778089774e+01,3.088902981528307556e+00,6.466643297301390980e-01,-3.744990364171815744e-02,-3.572034204453459205e-01,5.236630513969889478e+01,1.989250779151916504e-01,2.689369320869445801e-01,-3.351863846182823181e-02,-3.215692639350891113e-01,1.458329772949218750e+01,7.090739727020263672e+00,5.414931869506835938e+01,0.000000000000000000e+00,1.989321261644363403e-01,2.689508795738220215e-01,-3.178289532661437988e-02,-3.152525424957275391e-01,1.394806289672851562e+01,6.955156803131103516e+00,5.236630630493164062e+01,0.000000000000000000e+00,2.000000000000000000e+00,8.233913183212280273e-01,0.000000000000000000e+00,0.000000000000000000e+00,8.387132883071899414e-01,8.654021024703979492e-01,1.366554379463195801e+00,4.179316520690917969e+00,1.370482325553894043e+00,4.064557552337646484e+00
1.919999999999899343e+00,-4.158325461002791018e-02,1.712377904057623967e-01,-1.159527108510447284e-05,5.495787950925514788e-04,7.574690193748009693e-06,-4.478813136723203397e-04,5.518038210844661284e-01,1.439465959328061206e+00,3.088175387662144278e+00,6.393253047125184718e-01,-3.786259169190590163e-02,-3.691718805014183036e-01,5.377660571036094694e+01,3.088155960746850059e+00,6.393584999406276559e-01,-3.678233508854196476e-02,-3.691481403170498443e-01,5.327253996729722019e+01,1.982761472463607788e-01,2.624846100807189941e-01,-3.286180645227432251e-02,-3.284030556678771973e-01,1.618474960327148438e+01,6.472213268280029297e+00,5.377660751342773438e+01,0.000000000000000000e+00,1.982810497283935547e-01,2.624903321266174316e-01,-3.295082971453666687e-02,-3.279983997344970703e-01,1.609319686889648438e+01,6.471713066101074219e+00,5.327254104614257812e+01,0.000000000000000000e+00,2.000000000000000000e+00,8.518038392066955566e-01,0.000000000000000000e+00,0.000000000000000000e+00,8.247562050819396973e-01,8.295328617095947266e-01,1.004154801368713379e+00,4.093072414398193359e+00,1.011690139770507812e+00,4.083947181701660156e+00
1.939999999999897140e+00,-3.810263470316017920e-02,1.772334221808441745e-01,-1.805497144824197499e-05,-1.221150755311671554e-04,8.112692839258957688e-06,3.114805674354361419e-05,5.809286287020203332e-01,1.474630604761127062e+00,3.087433606681131426e+00,6.318758231392971325e-01,-3.677083255316430932e-02,-3.715114790896724140e-01,5.107745510719193049e+01,3.087411224473781246e+00,6.319461049888841497e-01,-3.747992401796868683e-02,-3.730209492327614673e-01,5.122249886120150109e+01,1.976117789745330811e-01,2.558410167694091797e-01,-3.312265500426292419e-02,-3.348829746246337891e-01,1.813387680053710938e+01,5.923979282379150391e+00,5.107745361328125000e+01,0.000000000000000000e+00,1.976205259561538696e-01,2.558600902557373047e-01,-3.321068733930587769e-02,-3.357281386852264404e-01,1.798257446289062500e+01,5.935322284698486328e+00,5.122249984741210938e+01,0.000000000000000000e+00,2.000000000000000000e+00,8.809286355972290039e-01,0.000000000000000000e+00,0.000000000000000000e+00,8.091577887535095215e-01,8.048564791679382324e-01,6.385574340820312500e-01,4.067369461059570312e+00,6.554541587829589844e-01,4.057049751281738281e+00
1.959999999999894937e+00,-3.451437102034046051e-02,1.804306584956764936e-01,-1.422786389317972088e-05,-3.255810395519228954e-03,4.654867406989848451e-06,1.395832993196489740e-03,6.107470135139193568e-01,1.508684081593081538e+00,3.086694274250995296e+00,6.243713243696291659e-01,-3.586250403841512169e-02,-3.911295713923276240e-01,5.423056682598131317e+01,3.086671969694673834e+00,6.244397000629386962e-01,-3.701071313969518661e-02,-3.726342390250182990e-01,5.236083469853153360e+01,1.969430297613143921e-01,2.490696310997009277e-01,-3.504702821373939514e-02,-3.453343510627746582e-01,2.055697822570800781e+01,5.505070209503173828e+00,5.423056793212890625e+01,0.000000000000000000e+00,1.969515681266784668e-01,2.490882277488708496e-01,-3.315082937479019165e-02,-3.385760486125946045e-01,1.985351753234863281e+01,5.357715129852294922e+00,5.236083602905273438e+01,0.000000000000000000e+00,2.000000000000000000e+00,9.107470512390136719e-01,0.000000000000000000e+00,0.000000000000000000e+00,7.682126164436340332e-01,7.959465384483337402e-01,2.807208299636840820e-01,4.137248039245605469e+00,2.861059904098510742e-01,4.011626720428466797e+00
1.979999999999892735e+00,-3.085258732361808101e-02,1.850702690445833465e-01,-1.720248016656518897e-05,7.769380951833377950e-04,4.170854935410321246e-06,-4.087496319541371586e-04,6.412390009022673754e-01,1.541973721937328179e+00,3.085962066520711478e+00,6.168166267871673103e-01,-3.645009805479410697e-02,-3.739103533312691519e-01,5.096991197683701813e+01,3.085940549345684847e+00,6.168791473232136946e-01,-3.651727754073675475e-02,-3.795790915241834540e-01,5.140867086545372189e+01,1.962700486183166504e-01,2.422086298465728760e-01,-3.325783461332321167e-02,-3.434752225875854492e-01,2.192671966552734375e+01,4.864594459533691406e+00,5.096991348266601562e+01,0.000000000000000000e+00,1.962779164314270020e-01,2.422248423099517822e-01,-3.380351886153221130e-02,-3.456994295120239258e-01,2.191816329956054688e+01,4.908938407897949219e+00,5.140867233276367188e+01,0.000000000000000000e+00,2.000000000000000000e+00,9.412389993667602539e-01,0.000000000000000000e+00,0.000000000000000000e+00,7.649602293968200684e-01,7.561057209968566895e-01,-6.896007061004638672e-02,4.017873764038085938e+00,-5.205202102661132812e-02,4.034285545349121094e+00
1.999999999999890532e+00,-2.713751329984721503e-02,1.865953466768513758e-01,-1.881781463496723031e-05,-1.262825455261414043e-03,2.601166565653068674e-06,5.484248649236915258e-04,6.723852582749103579e-01,1.574147845110958288e+00,3.085239927406910443e+00,6.092177497441986223e-01,-3.506444556986264283e-02,-3.807469230148336492e-01,5.119353249681168450e+01,3.085217827223324605e+00,6.093011508875613158e-01,-3.652226595000861858e-02,-3.773171418450652626e-01,5.088763199596007780e+01,1.955932825803756714e-01,2.352814674377441406e-01,-3.397176042199134827e-02,-3.471126556396484375e-01,2.404802703857421875e+01,4.399754047393798828e+00,5.119353103637695312e+01,0.000000000000000000e+00,1.956032216548919678e-01,2.353057861328125000e-01,-3.351728245615959167e-02,-3.463143110275268555e-01,2.372871780395507812e+01,4.372596263885498047e+00,5.088763046264648438e+01,0.000000000000000000e+00,2.000000000000000000e+00,9.723852872848510742e-01,0.000000000000000000e+00,0.000000000000000000e+00,7.383568882942199707e-01,7.399678230285644531e-01,-4.173184633255004883e-01,4.038964748382568359e+00,-4.003818035125732422e-01,3.997516632080078125e+00
2.019999999999888551e+00,-2.338906402999691922e-02,1.883669814406900012e-01,-1.656016362553494953e-05,1.294285460271618615e-03,-1.612976020682644019e-07,-6.389405152398310028e-04,7.041663128039910013e-01,1.605398382562865933e+00,3.084525866529661986e+00,6.016580882537331254e-01,-3.564525734546394875e-02,-3.720648713252446838e-01,5.093071186611189916e+01,3.084505689923622285e+00,6.017156203027322903e-01,-3.539865664262575873e-02,-3.799202837464759064e-01,5.151680710408164998e+01,1.949209272861480713e-01,2.283397614955902100e-01,-3.301450610160827637e-02,-3.456912338733673096e-01,2.565551376342773438e+01,3.851222276687622070e+00,5.093071365356445312e+01,0.000000000000000000e+00,1.949281990528106689e-01,2.283549010753631592e-01,-3.379616141319274902e-02,-3.486482501029968262e-01,2.572232437133789062e+01,3.913154363632202148e+00,5.151680755615234375e+01,0.000000000000000000e+00,2.000000000000000000e+00,1.004166364669799805e+00,0.000000000000000000e+00,0.000000000000000000e+00,7.204226851463317871e-01,7.092933058738708496e-01,-7.525625228881835938e-01,3.977048873901367188e+00,-7.356024980545043945e-01,4.007578849792480469e+00
2.039999999999886349e+00,-1.962751629556026139e-02,1.872184631885044082e-01,-1.376191518301270552e-05,-2.005253583850423980e-03,-2.506523202928241115e-06,7.691725169634835643e-04,7.365624816701044075e-01,1.635537626074206496e+00,3.083825140970875012e+00,5.940998017366247996e-01,-3.427948645346669265e-02,-3.868434269496100475e-01,5.413022581581542880e+01,3.083804291713966084e+00,5.941621089168693803e-01,-3.470088165974328370e-02,-3.748717342308268141e-01,5.281809353258374529e+01,1.942489743232727051e-01,2.213912606239318848e-01,-3.448909521102905273e-02,-3.497357964515686035e-01,2.798394203186035156e+01,3.471460342407226562e+00,5.413022613525390625e+01,0.000000000000000000e+00,1.942567229270935059e-01,2.214078307151794434e-01,-3.329779207706451416e-02,-3.452469706535339355e-01,2.749278450012207031e+01,3.376525878906250000e+00,5.281809234619140625e+01,0.000000000000000000e+00,2.000000000000000000e+00,1.036562442779541016e+00,0.000000000000000000e+00,0.000000000000000000e+00,6.812923550605773926e-01,7.007026672363281250e-01,-1.086420655250549316e+00,4.049585342407226562e+00,-1.079779148101806641e+00,3.965371131896972656e+00
2.059999999999884146e+00,-1.587243702309144855e-02,1.857475768677952499e-01,-1.292675617794368810e-05,-4.828065514023971265e-03,-5.086461525780886880e-06,1.961651143236916271e-03,7.695541768944058614e-01,1.664762799138277183e+00,3.083136856098230183e+00,5.865751792133184761e-01,-3.262784712581694169e-02,-3.948979030737594376e-01,5.446435736337488720e+01,3.083117457007079398e+00,5.866517518871678938e-01,-3.442590044720773151e-02,-3.688016392522571185e-01,5.215474167145827522e+01,1.935806423425674438e-01,2.144675999879837036e-01,-3.533252701163291931e-02,-3.507416248321533203e-01,3.012735557556152344e+01,3.065923690795898438e+00,5.446435546875000000e+01,0.000000000000000000e+00,1.935896575450897217e-01,2.144902497529983521e-01,-3.266618028283119202e-02,-3.412796854972839355e-01,2.920783615112304688e+01,2.861250400543212891e+00,5.215474319458007812e+01,0.000000000000000000e+00,2.000000000000000000e+00,1.069554209709167480e+00,0.000000000000000000e+00,0.000000000000000000e+00,6.504852175712585449e-01,6.888025403022766113e-01,-1.413683414459228516e+00,4.093362331390380859e+00,-1.411060810089111328e+00,3.925421237945556641e+00
2.079999999999881943e+00,-1.213756267853833073e-02,1.858404877347970829e-01,-1.724520866409234412e-05,-1.096395469678335295e-03,-5.248856764998790036e-06,4.108924994805558152e-04,8.031222704308454974e-01,1.693203495293484906e+00,3.082462744231060370e+00,5.791252111525990731e-01,-3.267597831294274946e-02,-3.722902537698144498e-01,5.121881525677741109e+01,3.082443026795050667e+00,5.792035943893729666e-01,-3.379927996067311896e-02,-3.691736363225195383e-01,5.090855749995366608e+01,1.929196715354919434e-01,2.075990736484527588e-01,-3.307884559035301208e-02,-3.420421183109283447e-01,3.135945701599121094e+01,2.479931116104125977e+00,5.121881484985351562e+01,0.000000000000000000e+00,1.929288655519485474e-01,2.076222002506256104e-01,-3.268544748425483704e-02,-3.412435650825500488e-01,3.107201576232910156e+01,2.456126928329467773e+00,5.090855789184570312e+01,0.000000000000000000e+00,2.000000000000000000e+00,1.103122234344482422e+00,0.000000000000000000e+00,0.000000000000000000e+00,6.502152681350708008e-01,6.528146862983703613e-01,-1.729722976684570312e+00,3.978681325912475586e+00,-1.714297294616699219e+00,3.941869974136352539e+00
2.099999999999879741e+00,-8.432288137158639937e-03,1.845797947205226608e-01,-1.572744166565899525e-05,1.205286892652558065e-03,-7.417504528304008636e-06,-5.933870597517466438e-04,8.372480419570373922e-01,1.720617280218999179e+00,3.081801693946239595e+00,5.717714147285095638e-01,-3.291532568907250961e-02,-3.605197894810238113e-01,5.098517278822502163e+01,3.081783075752578149e+00,5.718289984696096617e-01,-3.260535728808727773e-02,-3.677802662186783200e-01,5.147205557525272468e+01,1.922682970762252808e-01,2.008031755685806274e-01,-3.185805305838584900e-02,-3.362601399421691895e-01,3.285292434692382812e+01,1.980083703994750977e+00,5.098517227172851562e+01,0.000000000000000000e+00,1.922753900289535522e-01,2.008187919855117798e-01,-3.258188813924789429e-02,-3.389607667922973633e-01,3.290940856933593750e+01,2.037201166152954102e+00,5.147205734252929688e+01,0.000000000000000000e+00,2.000000000000000000e+00,1.137248039245605469e+00,0.000000000000000000e+00,0.000000000000000000e+00,6.343374848365783691e-01,6.246896386146545410e-01,-2.035915374755859375e+00,3.922067165374755859e+00,-2.019895553588867188e+00,3.949682235717773438e+00
2.119999999999877538e+00,-4.770903729844697648e-03,1.810623726794328703e-01,-1.480404635323716749e-05,-2.193911441787234178e-03,-9.581102652021985941e-06,8.640503271527837006e-04,8.719125593107338590e-01,1.746987035435461966e+00,3.081157267456646309e+00,5.644803825433142297e-01,-3.122791961050716200e-02,-3.710129209733953326e-01,5.415635794715933571e+01,3.081138180821920258e+00,5.645518319958848785e-01,-3.209762175457243211e-02,-3.591188552553848945e-01,5.288887199791414417e+01,1.916229277849197388e-01,1.940825283527374268e-01,-3.293629735708236694e-02,-3.361445665359497070e-01,3.501464080810546875e+01,1.640102624893188477e+00,5.415635681152343750e+01,0.000000000000000000e+00,1.916313767433166504e-01,1.941032707691192627e-01,-3.172426670789718628e-02,-3.318539261817932129e-01,3.450783157348632812e+01,1.547231674194335938e+00,5.288887023925781250e+01,0.000000000000000000e+00,2.000000000000000000e+00,1.171912550926208496e+00,0.000000000000000000e+00,0.000000000000000000e+00,5.983364582061767578e-01,6.162434220314025879e-01,-2.339550971984863281e+00,3.990865230560302734e+00,-2.330892086029052734e+00,3.906398296356201172e+00
2.139999999999875335e+00,-1.162908630868374725e-03,1.790438226188510729e-01,-1.531845426192975668e-05,4.536517973493473660e-04,-1.094724802617278829e-05,-2.691479135010549275e-04,9.070974524721698851e-01,1.772601678823933824e+00,3.080526870495313485e+00,5.573110951730539941e-01,-3.113148314012738338e-02,-3.533558696430986745e-01,5.111682227218563668e+01,3.080509176556144979e+00,5.573724708744997036e-01,-3.114121903529773819e-02,-3.566267307008266774e-01,5.129446894899374598e+01,1.909894347190856934e-01,1.874684244394302368e-01,-3.118460625410079956e-02,-3.272014856338500977e-01,3.631603622436523438e+01,1.133588075637817383e+00,5.111682128906250000e+01,0.000000000000000000e+00,1.909967809915542603e-01,1.874858289957046509e-01,-3.149726241827011108e-02,-3.284718990325927734e-01,3.625461959838867188e+01,1.159721016883850098e+00,5.129446792602539062e+01,0.000000000000000000e+00,2.000000000000000000e+00,1.207097530364990234e+00,0.000000000000000000e+00,0.000000000000000000e+00,5.913774967193603516e-01,5.873846411705017090e-01,-2.631247043609619141e+00,3.912106275558471680e+00,-2.616640567779541016e+00,3.916424512863159180e+00
2.159999999999873133e+00,2.384367935696329963e-03,1.766384444034296286e-01,-1.675209709171974318e-05,3.036848347259218754e-03,-1.146230834448232864e-05,-1.287505934867011047e-03,9.427848292221679971e-01,1.797315522108019259e+00,3.079913278094740026e+00,5.502571712871612286e-01,-3.115284712435933967e-02,-3.367287497257726026e-01,5.078816433660017537e+01,3.079894753097269344e+00,5.503100989195874870e-01,-3.012305850884049868e-02,-3.533789597891540679e-01,5.188933042096686421e+01,1.903668791055679321e-01,1.809669137001037598e-01,-2.952817641198635101e-02,-3.183156847953796387e-01,3.762216186523437500e+01,6.506580114364624023e-01,5.078816604614257812e+01,0.000000000000000000e+00,1.903734803199768066e-01,1.809806227684020996e-01,-3.120408952236175537e-02,-3.243869841098785400e-01,3.795017242431640625e+01,7.802115678787231445e-01,5.188933181762695312e+01,0.000000000000000000e+00,2.000000000000000000e+00,1.242784857749938965e+00,0.000000000000000000e+00,0.000000000000000000e+00,5.819520354270935059e-01,5.593885779380798340e-01,-2.914384841918945312e+00,3.842524766921997070e+00,-2.894806623458862305e+00,3.924048662185668945e+00
2.179999999999870930e+00,5.863934921021657712e-03,1.717036837157266960e-01,-1.365762772568646175e-05,-1.062362628924889887e-03,-1.416791513962870034e-05,3.533478309069248112e-04,9.789570107907691332e-01,1.820991067395644647e+00,3.079315339655836592e+00,5.433068886814926834e-01,-2.930197225891400387e-02,-3.495092793942566889e-01,5.406446128171470633e+01,3.079298193433277930e+00,5.433686000563102692e-01,-2.949384237810343673e-02,-3.429785752364876705e-01,5.326217316450355810e+01,1.897543221712112427e-01,1.745800673961639404e-01,-3.083568438887596130e-02,-3.176027238368988037e-01,3.976161956787109375e+01,3.694483935832977295e-01,5.406446075439453125e+01,0.000000000000000000e+00,1.897616237401962280e-01,1.745975911617279053e-01,-3.019827604293823242e-02,-3.151455223560333252e-01,3.943473434448242188e+01,3.189624249935150146e-01,5.326217269897460938e+01,0.000000000000000000e+00,2.000000000000000000e+00,1.278957009315490723e+00,0.000000000000000000e+00,0.000000000000000000e+00,5.434464216232299805e-01,5.548973083496093750e-01,-3.193598747253417969e+00,3.929960489273071289e+00,-3.184639692306518555e+00,3.879370450973510742e+00
2.199999999999868727e+00,9.236708363573297928e-03,1.621679397153625579e-01,-1.777506455636397264e-05,-1.049200901900584730e-03,2.007015748350996440e-06,1.682410792209817346e-03,1.015595043389503793e+00,1.843669860625978263e+00,3.078571831278929860e+00,5.363888084930239497e-01,-4.997138204238715103e-02,-3.482976989017368408e-01,5.211071419599157650e+01,3.078616721381689736e+00,5.365277342539709338e-01,-5.066217948447148539e-02,-3.440227692740148724e-01,5.126773936952159971e+01,1.891583055257797241e-01,1.682604402303695679e-01,-2.892406284809112549e-02,-3.150492012500762939e-01,4.092122650146484375e+01,1.018487662076950073e-01,5.211071395874023438e+01,0.000000000000000000e+00,1.891677677631378174e-01,1.683305352926254272e-01,-2.846123836934566498e-02,-3.136478364467620850e-01,4.062076950073242188e+01,3.847385942935943604e-02,5.126773834228515625e+01,0.000000000000000000e+00,2.000000000000000000e+00,1.315595149993896484e+00,0.000000000000000000e+00,0.000000000000000000e+00,5.262140631675720215e-01,5.255007743835449219e-01,-3.385753870010375977e+00,3.928736448287963867e+00,-3.383637189865112305e+00,3.875812530517578125e+00
2.219999999999866525e+00,1.230753642737376398e-02,1.426497742793030321e-01,-2.278041313818538719e-05,-3.741077821448353553e-03,2.971957737065910332e-05,1.257051364788375853e-03,1.052673931679395380e+00,1.865103738336185035e+00,3.077064674962987301e+00,5.293517442818818086e-01,-9.676582902675957831e-02,-3.618855776656724754e-01,5.289139905299125388e+01,3.077083122344220101e+00,5.295246416818888413e-01,-1.087651218828690342e-01,-3.530184331352587135e-01,5.164605443345728730e+01,1.886161714792251587e-01,1.619206517934799194e-01,-2.623322233557701111e-02,-3.177081048488616943e-01,4.170092010498046875e+01,3.091628663241863251e-03,5.289139938354492188e+01,0.000000000000000000e+00,1.886310428380966187e-01,1.619943231344223022e-01,-2.439047023653984070e-02,-3.186386227607727051e-01,4.092560958862304688e+01,-1.452165376394987106e-02,5.164605331420898438e+01,0.000000000000000000e+00,2.000000000000000000e+00,1.352674007415771484e+00,0.000000000000000000e+00,0.000000000000000000e+00,5.093953609466552734e-01,4.986719787120819092e-01,-3.485802173614501953e+00,3.956491470336914062e+00,-3.427424669265747070e+00,3.876351118087768555e+00
2.239999999999864322e+00,1.495323367398343484e-02,1.207151210558730509e-01,-1.036601825614906815e-05,-3.108670849250832861e-03,3.877519468724972064e-05,5.079895738066825392e-04,1.090172637998181981e+00,1.885629756765405007e+00,3.074312888378327724e+00,5.221557042789584102e-01,-1.549447056730852423e-01,-3.727865555908594364e-01,5.408009455415373878e+01,3.074353942743269563e+00,5.222792085594734068e-01,-1.667735925961865984e-01,-3.651326022523910253e-01,5.408566471185152125e+01,1.881644576787948608e-01,1.554944813251495361e-01,-2.232897654175758362e-02,-3.210278153419494629e-01,4.177782440185546875e+01,-2.585857361555099487e-02,5.408009338378906250e+01,0.000000000000000000e+00,1.881727278232574463e-01,1.555570662021636963e-01,-2.061631530523300171e-02,-3.223669528961181641e-01,4.115320205688476562e+01,-2.226353436708450317e-02,5.408566284179687500e+01,0.000000000000000000e+00,2.000000000000000000e+00,1.390172719955444336e+00,0.000000000000000000e+00,0.000000000000000000e+00,4.946365356445312500e-01,4.856812655925750732e-01,-3.503678560256958008e+00,3.944757938385009766e+00,-3.450124740600585938e+00,3.887156486511230469e+00
2.259999999999862119e+00,1.716839387446645812e-02,1.000347391340617731e-01,-1.958482087427406958e-05,7.089060185219752189e-04,4.079599141774276072e-05,-1.381439253174445965e-04,1.128073990736794707e+00,1.905349086680689918e+00,3.070398087673486653e+00,5.147459016301070278e-01,-2.283258662363451541e-01,-3.708279827687664398e-01,5.252360969728805884e+01,3.070408810227334584e+00,5.148692324788988195e-01,-2.252457064919313190e-01,-3.738213633454388063e-01,5.195577347478228347e+01,1.877912729978561401e-01,1.489952951669692993e-01,-1.592334918677806854e-02,-3.261543512344360352e-01,4.095497894287109375e+01,4.813784733414649963e-03,5.252360916137695312e+01,0.000000000000000000e+00,1.878020167350769043e-01,1.490467935800552368e-01,-1.646513119339942932e-02,-3.261933028697967529e-01,4.091854476928710938e+01,-1.747841015458106995e-03,5.195577239990234375e+01,0.000000000000000000e+00,2.000000000000000000e+00,1.428074121475219727e+00,0.000000000000000000e+00,0.000000000000000000e+00,4.650472998619079590e-01,4.661527574062347412e-01,-3.426427364349365234e+00,3.871258258819580078e+00,-3.425807476043701172e+00,3.865435123443603516e+00
2.279999999999859916e+00,1.899377534569523032e-02,8.194485485654508239e-02,-1.342017180378125084e-05,1.680224682898226810e-03,3.712892057310761252e-05,-4.005654366190585869e-04,1.166361654407114479e+00,1.924225840652530106e+00,3.065410090812000110e+00,5.072216517754821741e-01,-2.710920968829688693e-01,-3.777910396169266716e-01,5.361881908901195715e+01,3.065434370875255166e+00,5.073118049558433817e-01,-2.673104001864899937e-01,-3.826750144862448022e-01,5.428243401501242715e+01,1.874988228082656860e-01,1.424536257982254028e-01,-1.290634647011756897e-02,-3.262144029140472412e-01,4.084226989746093750e+01,-1.505514793097972870e-02,5.361882019042968750e+01,0.000000000000000000e+00,1.875053197145462036e-01,1.424973756074905396e-01,-1.368481293320655823e-02,-3.267257809638977051e-01,4.093622970581054688e+01,-7.316263858228921890e-03,5.428243255615234375e+01,0.000000000000000000e+00,2.000000000000000000e+00,1.466361761093139648e+00,0.000000000000000000e+00,0.000000000000000000e+00,4.511484205722808838e-01,4.512807428836822510e-01,-3.428619384765625000e+00,3.845825672149658203e+00,-3.433688879013061523e+00,3.857775926589965820e+00
2.299999999999857714e+00,2.046887313806875636e-02,6.523875492925169939e-02,-1.832259221246847512e-05,4.740090095446351966e-03,3.278827258299471466e-05,-7.101855536798662829e-04,1.205018589728454881e+00,1.942259066721025773e+00,3.059610369538134034e+00,4.995348336481177931e-01,-3.221247346535104916e-01,-3.764535326366942325e-01,5.203650852776730318e+01,3.059618619101428738e+00,4.996194754472313981e-01,-3.066972192963892119e-01,-3.898399053655136615e-01,5.206318969028205146e+01,1.872611045837402344e-01,1.359060555696487427e-01,-8.393945172429084778e-03,-3.274829983711242676e-01,4.016118621826171875e+01,8.068912662565708160e-03,5.203650665283203125e+01,0.000000000000000000e+00,1.872683465480804443e-01,1.359414607286453247e-01,-1.095003075897693634e-02,-3.270347714424133301e-01,4.074351119995117188e+01,5.861884914338588715e-03,5.206319046020507812e+01,0.000000000000000000e+00,2.000000000000000000e+00,1.505018711090087891e+00,0.000000000000000000e+00,0.000000000000000000e+00,4.249261319637298584e-01,4.316277205944061279e-01,-3.368694067001342773e+00,3.783645391464233398e+00,-3.418414354324340820e+00,3.837717533111572266e+00
2.319999999999855511e+00,2.162935475325437548e-02,5.014724614185832319e-02,-1.293253075626820073e-05,-8.395487501665009969e-03,2.680569252960785981e-05,5.153205378535802425e-04,1.244028201245322984e+00,1.959410794607487460e+00,3.053155869939939482e+00,4.917097870245862867e-01,-3.158633162497052060e-01,-4.107006234590701022e-01,5.375568232965317605e+01,3.053127852403200393e+00,4.918071066335217290e-01,-3.430913063179561462e-01,-3.886317001040242025e-01,5.295450182076153567e+01,1.870675235986709595e-01,1.293825954198837280e-01,-1.202250830829143524e-02,-3.232549428939819336e-01,4.174046707153320312e+01,-1.506785117089748383e-02,5.375568389892578125e+01,0.000000000000000000e+00,1.870790421962738037e-01,1.294097751379013062e-01,-7.659040391445159912e-03,-3.246671259403228760e-01,4.029007339477539062e+01,-5.152309313416481018e-03,5.295450210571289062e+01,0.000000000000000000e+00,2.000000000000000000e+00,1.544028282165527344e+00,0.000000000000000000e+00,0.000000000000000000e+00,4.240228533744812012e-01,4.139200448989868164e-01,-3.516501903533935547e+00,3.916341543197631836e+00,-3.390990495681762695e+00,3.784015655517578125e+00
2.339999999999853308e+00,2.250667767407787262e-02,3.710495106841671387e-02,-1.152961352096077976e-05,2.195355194284064060e-04,2.142483809949358354e-05,-2.994329582581695668e-04,1.283373959143425891e+00,1.975825497010514242e+00,3.046105520031656244e+00,4.838218763509989362e-01,-3.603671303410119764e-01,-3.977142259035059135e-01,5.335811853859473786e+01,3.046104592154457613e+00,4.838837621250369203e-01,-3.606611140956343386e-01,-3.985759752650193111e-01,5.382712360147328923e+01,1.869207024574279785e-01,1.229023113846778870e-01,-6.925979629158973694e-03,-3.213728666305541992e-01,4.058821487426757812e+01,-7.536986377090215683e-03,5.335811996459960938e+01,0.000000000000000000e+00,1.869266182184219360e-01,1.229257956147193909e-01,-6.982518360018730164e-03,-3.218127489089965820e-01,4.048325347900390625e+01,9.010821813717484474e-04,5.382712173461914062e+01,0.000000000000000000e+00,2.000000000000000000e+00,1.583374023437500000e+00,0.000000000000000000e+00,0.000000000000000000e+00,3.977837860584259033e-01,3.974938392639160156e-01,-3.424395561218261719e+00,3.804264307022094727e+00,-3.412508249282836914e+00,3.797747135162353516e+00
2.359999999999851106e+00,2.313185746916277680e-02,2.527361269361842744e-02,-8.967100411310570548e-06,1.350133359635693510e-03,1.610170110792513132e-05,-3.818946329446279973e-04,1.323039719658627655e+00,1.991406660719899691e+00,3.038667665182772204e+00,4.758351312431033930e-01,-3.798093064813249375e-01,-3.996988121420433915e-01,5.326480754593767841e+01,3.038672373823002815e+00,4.758803984008830312e-01,-3.768763685412462872e-01,-4.033025590982211583e-01,5.392044478616163872e+01,1.867999881505966187e-01,1.164954826235771179e-01,-5.330987274646759033e-03,-3.173639476299285889e-01,4.039957427978515625e+01,-7.021712139248847961e-03,5.326480865478515625e+01,0.000000000000000000e+00,1.868038326501846313e-01,1.165146753191947937e-01,-5.916699767112731934e-03,-3.176803588867187500e-01,4.047917938232421875e+01,1.719044754281640053e-03,5.392044448852539062e+01,0.000000000000000000e+00,2.000000000000000000e+00,1.623039722442626953e+00,0.000000000000000000e+00,0.000000000000000000e+00,3.797774612903594971e-01,3.806187808513641357e-01,-3.416393041610717773e+00,3.780087709426879883e+00,-3.419948339462280273e+00,3.790959119796752930e+00
2.379999999999848903e+00,2.353190014937674504e-02,1.459590287512194627e-02,-2.039401019240550815e-05,4.340635116232859081e-03,1.235284093902970638e-05,-5.843855177592247995e-04,1.363009515489719492e+00,2.006205978568329495e+00,3.030953017215452405e+00,4.677664581597952287e-01,-4.060275455083315332e-01,-3.931101742001950061e-01,5.175773338481600661e+01,3.030927404124521995e+00,4.678280260924969625e-01,-3.918327578210553663e-01,-4.054682053372608563e-01,5.171375070374652694e+01,1.866979002952575684e-01,1.101820617914199829e-01,-2.347987145185470581e-03,-3.137077987194061279e-01,3.979544830322265625e+01,1.225726678967475891e-02,5.175773239135742188e+01,0.000000000000000000e+00,1.867057681083679199e-01,1.101962476968765259e-01,-4.705768078565597534e-03,-3.132724463939666748e-01,4.030065155029296875e+01,1.232976838946342468e-02,5.171374893188476562e+01,0.000000000000000000e+00,2.000000000000000000e+00,1.662985801696777344e+00,0.000000000000000000e+00,0.000000000000000000e+00,3.558383584022521973e-01,3.616472184658050537e-01,-3.366655588150024414e+00,3.724300622940063477e+00,-3.409499406814575195e+00,3.771643877029418945e+00
2.399999999999846700e+00,2.373254519582623442e-02,5.257434993171274454e-03,-1.286521342896410231e-05,-2.609392897781124925e-03,7.632249873361838423e-06,1.035732380446838241e-05,1.403267787472786354e+00,2.020199549383414617e+00,3.023007567417776986e+00,4.596811368296325195e-01,-3.914678414720133004e-01,-4.116518844046628822e-01,5.334987264423914866e+01,3.022977756261235882e+00,4.597364065127033106e-01,-4.009125948372035397e-01,-4.044126227131039086e-01,5.338724539519130730e+01,1.866167485713958740e-01,1.039774417877197266e-01,-5.160663276910781860e-03,-3.061577081680297852e-01,4.078683471679687500e+01,-9.158249944448471069e-03,5.334987258911132812e+01,0.000000000000000000e+00,1.866244077682495117e-01,1.039878129959106445e-01,-3.683224320411682129e-03,-3.068348169326782227e-01,4.020880508422851562e+01,6.347859161905944347e-04,5.338724517822265625e+01,0.000000000000000000e+00,2.000000000000000000e+00,1.702985286712646484e+00,0.000000000000000000e+00,0.000000000000000000e+00,3.499694168567657471e-01,3.466295599937438965e-01,-3.467358350753784180e+00,3.801976442337036133e+00,-3.414765119552612305e+00,3.751890182495117188e+00
2.419999999999844498e+00,2.375625567907186167e-02,-3.041504642216635770e-03,-1.235878677846634611e-05,-1.247471881009382198e-03,4.020516233395576032e-06,-8.537705702229479677e-05,1.443799006226825110e+00,2.033454028587156071e+00,3.014917718716112915e+00,4.515848863661958146e-01,-4.024630086497435477e-01,-4.077718847121806212e-01,5.325289617332811787e+01,3.014888858017530371e+00,4.516318138402356519e-01,-4.069509837318611156e-01,-4.044985454830904437e-01,5.350214297100189498e+01,1.865500211715698242e-01,9.789300709962844849e-02,-3.707170486450195312e-03,-3.003828525543212891e-01,4.048700714111328125e+01,-2.364284824579954147e-03,5.325289535522460938e+01,0.000000000000000000e+00,1.865568459033966064e-01,9.790039807558059692e-02,-3.020208328962326050e-03,-3.007726073265075684e-01,4.015157699584960938e+01,4.779465030878782272e-03,5.350214385986328125e+01,0.000000000000000000e+00,2.000000000000000000e+00,1.742984771728515625e+00,0.000000000000000000e+00,0.000000000000000000e+00,3.309861719608306885e-01,3.296778798103332520e-01,-3.448448181152343750e+00,3.769871711730957031e+00,-3.417342662811279297e+00,3.741445302963256836e+00
2.439999999999842295e+00,2.362449436441834208e-02,-1.036131503545809594e-02,-1.531043418302549484e-05,2.370402948336496757e-04,1.025821967594446821e-06,-1.570492296982493332e-04,1.484588102004140042e+00,2.045953734519280420e+00,3.006751961925641758e+00,4.434989609386019160e-01,-4.107123559127937584e-01,-4.029739507046740110e-01,5.184938338996521878e+01,3.006715269309865324e+00,4.435462277419937038e-01,-4.098310385611291795e-01,-4.038077841416026215e-01,5.125560995612946869e+01,1.864937990903854370e-01,9.194020926952362061e-02,-2.397920936346054077e-03,-2.942450940608978271e-01,4.021271896362304688e+01,6.854643113911151886e-03,5.184938430786132812e+01,0.000000000000000000e+00,1.865013539791107178e-01,9.194497764110565186e-02,-2.550669014453887939e-03,-2.942430973052978516e-01,4.010247802734375000e+01,8.975992910563945770e-03,5.125561141967773438e+01,0.000000000000000000e+00,2.000000000000000000e+00,1.782984256744384766e+00,0.000000000000000000e+00,0.000000000000000000e+00,3.117883503437042236e-01,3.128882646560668945e-01,-3.430787324905395508e+00,3.741139411926269531e+00,-3.420682430267333984e+00,3.731785774230957031e+00
2.459999999999840092e+00,2.335606165786872912e-02,-1.668066758467295907e-02,-2.789288126929655802e-05,2.707338643150819599e-03,-8.366565446926483671e-07,-3.181746565408346715e-04,1.525620194199034607e+00,2.057734955667973598e+00,2.998573553536323377e+00,4.354355752291670933e-01,-4.211011754013158082e-01,-3.923103348856478712e-01,5.174966114666924710e+01,2.998505772851605133e+00,4.355057718633512653e-01,-4.115056543013081991e-01,-4.007002011174811695e-01,5.140627189588236945e+01,1.864440441131591797e-01,8.612824976444244385e-02,-3.587193787097930908e-04,-2.876626849174499512e-01,3.973926544189453125e+01,1.385954488068819046e-02,5.174966049194335938e+01,0.000000000000000000e+00,1.864563524723052979e-01,8.613027632236480713e-02,-1.958526670932769775e-03,-2.873534560203552246e-01,3.994607925415039062e+01,1.395502220839262009e-02,5.140627288818359375e+01,0.000000000000000000e+00,2.000000000000000000e+00,1.822983741760253906e+00,0.000000000000000000e+00,0.000000000000000000e+00,2.925538718700408936e-01,2.961482703685760498e-01,-3.396754980087280273e+00,3.693124532699584961e+00,-3.414570331573486328e+00,3.712484121322631836e+00
2.479999999999837890e+00,2.296976327731371087e-02,-2.205669083545428594e-02,-9.169245725350518304e-06,9.508320832523472696e-04,-4.487209767198118001e-06,-1.863473876749503657e-04,1.566880866743117995e+00,2.068778007305763555e+00,2.990365774132019538e+00,4.274784279636523188e-01,-4.071967827522977590e-01,-3.970140933417946050e-01,5.314139598058961411e+01,2.990344983651339383e+00,4.275016387375273896e-01,-4.052799484228077342e-01,-3.993145615297208351e-01,5.374173116166406317e+01,1.864098310470581055e-01,8.046360313892364502e-02,-1.827161759138107300e-03,-2.789927124977111816e-01,4.014424896240234375e+01,-1.843228703364729881e-03,5.314139556884765625e+01,0.000000000000000000e+00,1.864137649536132812e-01,8.046491444110870361e-02,-2.204764634370803833e-03,-2.791681289672851562e-01,4.016114044189453125e+01,4.834488034248352051e-03,5.374172973632812500e+01,0.000000000000000000e+00,2.000000000000000000e+00,1.862983226776123047e+00,0.000000000000000000e+00,0.000000000000000000e+00,2.825337648391723633e-01,2.829591035842895508e-01,-3.446304559707641602e+00,3.718052864074707031e+00,-3.445348262786865234e+00,3.722209930419921875e+00
2.499999999999835687e+00,2.248068911548591758e-02,-2.692995342024992814e-02,-8.345745801985997178e-06,-5.575474728273297105e-03,-6.598537556347615419e-06,2.608787951139074184e-04,1.608355798220513222e+00,2.079106919506521933e+00,2.982272252961255088e+00,4.195549666351214846e-01,-3.868521249502051007e-01,-4.070998397360170995e-01,5.337440847038094915e+01,2.982230191473358438e+00,4.195927831449007273e-01,-4.048417407634902210e-01,-3.913936165665101719e-01,5.302559124914574085e+01,1.863720715045928955e-01,7.495657354593276978e-02,-4.353389143943786621e-03,-2.704932391643524170e-01,4.094755554199218750e+01,-6.004831288009881973e-03,5.337440872192382812e+01,0.000000000000000000e+00,1.863791942596435547e-01,7.495561987161636353e-02,-1.352861523628234863e-03,-2.711178958415985107e-01,3.995288848876953125e+01,9.649605490267276764e-04,5.302559280395507812e+01,0.000000000000000000e+00,2.000000000000000000e+00,1.902982711791992188e+00,0.000000000000000000e+00,0.000000000000000000e+00,2.723198235034942627e-01,2.678039073944091797e-01,-3.525880098342895508e+00,3.784007549285888672e+00,-3.437809944152832031e+00,3.694764852523803711e+00
2.519999999999833484e+00,2.190327331927663032e-02,-3.109503773722211914e-02,-1.954062952477079543e-05,-3.405091168691679396e-03,-7.539879365103133899e-06,1.499221871471290981e-04,1.650031116008136678e+00,2.088770797440767879e+00,2.974273668718997232e+00,4.117293560041668243e-01,-3.922499194579089354e-01,-3.940474290241959276e-01,5.198324919530852384e+01,2.974203077871265144e+00,4.117898543877517303e-01,-4.017635152498088003e-01,-3.852044010666563767e-01,5.082635522332667222e+01,1.863382905721664429e-01,6.961011886596679688e-02,-2.530213445425033569e-03,-2.633356451988220215e-01,4.048548507690429688e+01,7.918064482510089874e-03,5.198324966430664062e+01,0.000000000000000000e+00,1.863499730825424194e-01,6.960725784301757812e-02,-8.929669857025146484e-04,-2.634707689285278320e-01,3.979499435424804688e+01,8.582587353885173798e-03,5.082635498046875000e+01,0.000000000000000000e+00,2.000000000000000000e+00,1.942982196807861328e+00,0.000000000000000000e+00,0.000000000000000000e+00,2.528336942195892334e-01,2.514245808124542236e-01,-3.489850521087646484e+00,3.739808082580566406e+00,-3.430178642272949219e+00,3.676449298858642578e+00
2.539999999999831282e+00,2.125075283671881698e-02,-3.434897371779821462e-02,-2.095371331560150598e-05,4.059473696142432836e-03,-8.804542407964537098e-06,-2.885185286209995446e-04,1.691893347247799717e+00,2.097789195275489238e+00,2.966356134502411646e+00,4.040593524153218152e-01,-4.041183237110357318e-01,-3.707153832965669471e-01,5.163868559323419305e+01,2.966305079043820569e+00,4.041003285175270299e-01,-3.910535110664485892e-01,-3.824540046431526008e-01,5.156355100400875102e+01,1.863149404525756836e-01,6.442758440971374512e-02,7.958151400089263916e-04,-2.555786967277526855e-01,3.950378799438476562e+01,1.115125138312578201e-02,5.163868713378906250e+01,0.000000000000000000e+00,1.863231211900711060e-01,6.442436575889587402e-02,-1.415468752384185791e-03,-2.552341222763061523e-01,3.996211624145507812e+01,1.144284289330244064e-02,5.156355285644531250e+01,0.000000000000000000e+00,2.000000000000000000e+00,1.982981681823730469e+00,0.000000000000000000e+00,0.000000000000000000e+00,2.337180525064468384e-01,2.373644113540649414e-01,-3.412517309188842773e+00,3.643916845321655273e+00,-3.452152729034423828e+00,3.686339378356933594e+00
2.559999999999829079e+00,2.053566526073076492e-02,-3.720874263735418630e-02,-1.492880276399736104e-05,3.416447337061120307e-03,-1.034783134959382722e-05,-2.296659077047055796e-04,1.733929339276048864e+00,2.106132808218607710e+00,2.958601810733434867e+00,3.965166953069281797e-01,-3.927719515829829477e-01,-3.662525104159758405e-01,5.165391220891211788e+01,2.958564759478102602e+00,3.965426514151236814e-01,-3.821336482160102577e-01,-3.758536462385387855e-01,5.154115010097490313e+01,1.862920671701431274e-01,5.941598117351531982e-02,3.684982657432556152e-04,-2.468542754650115967e-01,3.961428833007812500e+01,8.759215474128723145e-03,5.165391159057617188e+01,0.000000000000000000e+00,1.862976551055908203e-01,5.941228568553924561e-02,-1.436688005924224854e-03,-2.465815544128417969e-01,4.000748825073242188e+01,9.454175829887390137e-03,5.154114913940429688e+01,0.000000000000000000e+00,2.000000000000000000e+00,2.022982597351074219e+00,0.000000000000000000e+00,0.000000000000000000e+00,2.209395319223403931e-01,2.238947898149490356e-01,-3.431300640106201172e+00,3.646689176559448242e+00,-3.465206384658813477e+00,3.683170795440673828e+00
2.579999999999826876e+00,1.976822431118616455e-02,-3.956031912226313368e-02,-1.357013460569616109e-05,-3.937313405968380017e-03,-1.144619443376740615e-05,1.412142041388136210e-04,1.776126268274952791e+00,2.113842260770484316e+00,2.951043304591209004e+00,3.891037056804455552e-01,-3.628252835357308470e-01,-3.757738715939978880e-01,5.332675788285580154e+01,2.950986876527413205e+00,3.891455336973405066e-01,-3.753507156310591508e-01,-3.645923967395812704e-01,5.317020808567635015e+01,1.862669587135314941e-01,5.457819998264312744e-02,-2.968188375234603882e-03,-2.370737493038177490e-01,4.062150955200195312e+01,-4.447516985237598419e-03,5.332675933837890625e+01,0.000000000000000000e+00,1.862756907939910889e-01,5.457319319248199463e-02,-8.529052138328552246e-04,-2.374544441699981689e-01,3.984406280517578125e+01,1.302954973652958870e-03,5.317020797729492188e+01,0.000000000000000000e+00,2.000000000000000000e+00,2.062984466552734375e+00,0.000000000000000000e+00,0.000000000000000000e+00,2.141585648059844971e-01,2.116058915853500366e-01,-3.531775712966918945e+00,3.727665901184082031e+00,-3.462201118469238281e+00,3.658561706542968750e+00
2.599999999999824674e+00,1.895824048666737080e-02,-4.143907391043343685e-02,-2.043429139731312710e-05,3.954445261445233527e-03,-1.198317178962104873e-05,-2.158736809581579964e-04,1.818471731797448587e+00,2.120963454053889752e+00,2.943651201461891187e+00,3.818744465211379446e-01,-3.769109475595117109e-01,-3.470243346562897346e-01,5.164447250664444056e+01,2.943598609600970306e+00,3.819121141860889468e-01,-3.642694610601452943e-01,-3.585422552677234309e-01,5.156474756418951699e+01,1.862469911575317383e-01,4.991409182548522949e-02,1.025911420583724976e-03,-2.294927686452865601e-01,3.945113372802734375e+01,9.150157682597637177e-03,5.164447402954101562e+01,0.000000000000000000e+00,1.862550377845764160e-01,4.990896582603454590e-02,-1.130566000938415527e-03,-2.291912883520126343e-01,3.989817810058593750e+01,9.406556375324726105e-03,5.156474685668945312e+01,0.000000000000000000e+00,2.000000000000000000e+00,2.102986335754394531e+00,0.000000000000000000e+00,0.000000000000000000e+00,1.942181438207626343e-01,1.972440332174301147e-01,-3.432880401611328125e+00,3.619043111801147461e+00,-3.471825361251831055e+00,3.660190820693969727e+00
2.619999999999822471e+00,1.811487694241245908e-02,-4.292189474035255914e-02,-1.290426031634344295e-05,-4.442486807948871699e-03,-1.303552355073829006e-05,1.524551443678665279e-04,1.860953785968340712e+00,2.127471126507574528e+00,2.936477053887498467e+00,3.748140273659619215e-01,-3.415303012872060173e-01,-3.590922047154483376e-01,5.334693106457824285e+01,2.936419591147023667e+00,3.748548572349575947e-01,-3.553960527477862952e-01,-3.464456778476658894e-01,5.312366855801707288e+01,1.862260848283767700e-01,4.542796313762664795e-02,-3.039455041289329529e-03,-2.195056974887847900e-01,4.063987731933593750e+01,-4.637451842427253723e-03,5.334693145751953125e+01,0.000000000000000000e+00,1.862348467111587524e-01,4.542212188243865967e-02,-6.718300282955169678e-04,-2.198450863361358643e-01,3.979196929931640625e+01,4.283508751541376114e-04,5.312366867065429688e+01,0.000000000000000000e+00,2.000000000000000000e+00,2.142988204956054688e+00,0.000000000000000000e+00,0.000000000000000000e+00,1.885907948017120361e-01,1.861967593431472778e-01,-3.549295663833618164e+00,3.716310501098632812e+00,-3.473515748977661133e+00,3.640743494033813477e+00
2.639999999999820268e+00,1.724561486437143493e-02,-4.400767033673219641e-02,-1.841688902149692681e-05,2.844623038318169934e-03,-1.336762818299014730e-05,-1.299461987333076481e-04,1.903560774791380084e+00,2.133430619700857012e+00,2.929502533612458937e+00,3.679554304686348254e-01,-3.515845753487835679e-01,-3.312880259477862799e-01,5.170317435134097650e+01,2.929451406128254831e+00,3.679902264095653019e-01,-3.425865000858615561e-01,-3.395391881519734811e-01,5.148085508997307613e+01,1.862085759639739990e-01,4.111782461404800415e-02,4.985593259334564209e-04,-2.116122394800186157e-01,3.959339141845703125e+01,6.376240402460098267e-03,5.170317459106445312e+01,0.000000000000000000e+00,1.862162649631500244e-01,4.111222177743911743e-02,-1.041993498802185059e-03,-2.114052027463912964e-01,3.987374114990234375e+01,6.928708404302597046e-03,5.148085403442382812e+01,0.000000000000000000e+00,2.000000000000000000e+00,2.182990074157714844e+00,0.000000000000000000e+00,0.000000000000000000e+00,1.708770692348480225e-01,1.729361116886138916e-01,-3.461203813552856445e+00,3.618591785430908203e+00,-3.485620737075805664e+00,3.644481658935546875e+00
2.659999999999818066e+00,1.635786861968514805e-02,-4.475497320545172159e-02,-1.553626815324065202e-05,1.848643238033203899e-03,-1.388454114256306786e-05,-8.148030021848196383e-05,1.946281557341130064e+00,2.138832883082287584e+00,2.922760487770327043e+00,3.612914666799897367e-01,-3.367002033725903232e-01,-3.239215442968096936e-01,5.174769016279355327e+01,2.922714213290753538e+00,3.613213464772257466e-01,-3.309761880049446603e-01,-3.292155791517648589e-01,5.140630238037400090e+01,1.861908584833145142e-01,3.698602318763732910e-02,-2.140551805496215820e-05,-2.025691568851470947e-01,3.972963714599609375e+01,3.597343340516090393e-03,5.174768829345703125e+01,0.000000000000000000e+00,1.861976087093353271e-01,3.698006272315979004e-02,-1.005681231617927551e-03,-2.024509906768798828e-01,3.986948394775390625e+01,4.928445443511009216e-03,5.140630340576171875e+01,0.000000000000000000e+00,2.000000000000000000e+00,2.222991943359375000e+00,0.000000000000000000e+00,0.000000000000000000e+00,1.603340804576873779e-01,1.616576313972473145e-01,-3.481217384338378906e+00,3.623923063278198242e+00,-3.493070125579833984e+00,3.637243986129760742e+00
2.679999999999815863e+00,1.545803175578391170e-02,-4.525331107947117015e-02,-1.207109609918985128e-05,-6.371523906929974293e-03,-1.432691052389356486e-05,1.990760333634688508e-04,1.989105364704540468e+00,2.143697360296225263e+00,2.916270820302262479e+00,3.548189308183271606e-01,-3.021619817438362388e-01,-3.335976286326092777e-01,5.342870804042409816e+01,2.916208825113238312e+00,3.548631107920036665e-01,-3.216502252619438673e-01,-3.153394166336796478e-01,5.292849446828044790e+01,1.861705780029296875e-01,3.303225338459014893e-02,-3.829861059784889221e-03,-1.929166167974472046e-01,4.085670852661132812e+01,-5.903570912778377533e-03,5.342870712280273438e+01,0.000000000000000000e+00,1.861800402402877808e-01,3.302581608295440674e-02,-4.560314118862152100e-04,-1.932497322559356689e-01,3.971178817749023438e+01,-1.595110865309834480e-03,5.292849349975585938e+01,0.000000000000000000e+00,2.000000000000000000e+00,2.262993812561035156e+00,0.000000000000000000e+00,0.000000000000000000e+00,1.542965322732925415e-01,1.516730785369873047e-01,-3.590470075607299805e+00,3.716972112655639648e+00,-3.488436460494995117e+00,3.614472866058349609e+00
2.699999999999813660e+00,1.455154183594357595e-02,-4.535947275282502938e-02,-1.129989082431595321e-05,-4.999160479133247723e-04,-1.451755326677573672e-05,-8.410110541475206841e-08,2.032021831785770782e+00,2.148078861761166358e+00,2.909986204868826754e+00,3.485902068878253268e-01,-3.044770007093382524e-01,-3.093903759841799550e-01,5.321033724349103977e+01,2.909945038026765296e+00,3.486151420117678534e-01,-3.065374182795408964e-01,-3.076057581075509750e-01,5.358490564250415389e+01,1.861564964056015015e-01,2.925310283899307251e-02,-1.328172162175178528e-03,-1.845207363367080688e-01,4.008559036254882812e+01,-3.327255602926015854e-03,5.321033859252929688e+01,0.000000000000000000e+00,1.861623972654342651e-01,2.924738079309463501e-02,-9.845346212387084961e-04,-1.846131831407546997e-01,3.986436080932617188e+01,2.718023024499416351e-04,5.358490753173828125e+01,0.000000000000000000e+00,2.000000000000000000e+00,2.302995681762695312e+00,0.000000000000000000e+00,0.000000000000000000e+00,1.409453004598617554e-01,1.407460719347000122e-01,-3.528371095657348633e+00,3.641947746276855469e+00,-3.507644891738891602e+00,3.623257160186767578e+00
2.719999999999811457e+00,1.364372969067725871e-02,-4.539270454603255844e-02,-2.482987698066228658e-05,3.240569772634655475e-04,-1.427636846630835300e-05,-2.919871036893305675e-06,2.075021046440519434e+00,2.151958530313029527e+00,2.903992757526359547e+00,3.425381911726124717e-01,-2.997957321424647437e-01,-2.924787063642313445e-01,5.185287580266214036e+01,2.903915231561103205e+00,3.425981973622275190e-01,-2.976485864161139694e-01,-2.942476998867245563e-01,5.121030140380378270e+01,1.861346960067749023e-01,2.565015479922294617e-02,-1.149177551269531250e-04,-1.763651072978973389e-01,3.978078842163085938e+01,4.733044654130935669e-03,5.185287475585937500e+01,0.000000000000000000e+00,1.861470043659210205e-01,2.564407512545585632e-02,-4.645194858312606812e-04,-1.762365847826004028e-01,3.963962554931640625e+01,4.525881260633468628e-03,5.121030044555664062e+01,0.000000000000000000e+00,2.000000000000000000e+00,2.342997550964355469e+00,0.000000000000000000e+00,0.000000000000000000e+00,1.283681988716125488e-01,1.292869299650192261e-01,-3.504700899124145508e+00,3.611598014831542969e+00,-3.492483854293823242e+00,3.598836421966552734e+00
2.739999999999809255e+00,1.273924296981172356e-02,-4.504358914513326151e-02,-1.690251453631251509e-05,4.931929563940675235e-03,-1.450149480007428794e-05,-1.150739551734685054e-04,2.118093546835380536e+00,2.155388579812573369e+00,2.898189516804578592e+00,3.367634730303351587e-01,-2.959473092817548334e-01,-2.727453531930468800e-01,5.162384545936956926e+01,2.898149040211801086e+00,3.367885198073171660e-01,-2.810269342554581606e-01,-2.869004414299117234e-01,5.173273028013010588e+01,1.861230283975601196e-01,2.221959643065929413e-02,1.418055966496467590e-03,-1.678471118211746216e-01,3.926413345336914062e+01,3.731587436050176620e-03,5.162384414672851562e+01,0.000000000000000000e+00,1.861288845539093018e-01,2.221387438476085663e-02,-1.181757077574729919e-03,-1.676332950592041016e-01,3.987974166870117188e+01,4.019937012344598770e-03,5.173273086547851562e+01,0.000000000000000000e+00,2.000000000000000000e+00,2.382999420166015625e+00,0.000000000000000000e+00,0.000000000000000000e+00,1.177079677581787109e-01,1.197341978549957275e-01,-3.465420007705688477e+00,3.558988094329833984e+00,-3.519742488861083984e+00,3.614931583404541016e+00
2.759999999999807052e+00,1.184200062929860811e-02,-4.459910605857756588e-02,-1.430487647007200502e-05,-3.797831675812491248e-03,-1.452439886636029492e-05,7.932439183177309751e-05,2.161230234521876792e+00,2.158360482396597391e+00,2.892682314876762639e+00,3.311727928633489970e-01,-2.592263860160953226e-01,-2.832040018738856690e-01,5.335643485151826582e+01,2.892623229409342134e+00,3.312158512192502346e-01,-2.710170967179217349e-01,-2.720240150515024768e-01,5.321333313889569183e+01,1.861035078763961792e-01,1.896096393465995789e-02,-2.697480842471122742e-03,-1.585656255483627319e-01,4.048566818237304688e+01,-6.446061655879020691e-03,5.335643386840820312e+01,0.000000000000000000e+00,1.861126422882080078e-01,1.895524188876152039e-02,-6.431676447391510010e-04,-1.587458103895187378e-01,3.971803665161132812e+01,-2.730013569816946983e-03,5.321333312988281250e+01,0.000000000000000000e+00,2.000000000000000000e+00,2.423001289367675781e+00,0.000000000000000000e+00,0.000000000000000000e+00,1.131119802594184875e-01,1.119986400008201599e-01,-3.582743883132934570e+00,3.660405397415161133e+00,-3.513586759567260742e+00,3.592448711395263672e+00
2.779999999999804849e+00,1.095548204463443580e-02,-4.399140635927853427e-02,-1.968454897101036349e-05,2.467036339468996892e-03,-1.431708378108697423e-05,-3.490474361652590282e-05,2.204422446322504392e+00,2.160919918957503683e+00,2.887404311440749272e+00,3.258282992544943579e-01,-2.655953585549795104e-01,-2.549441811779400990e-01,5.175877889464228332e+01,2.887348771256018853e+00,3.258687593776198321e-01,-2.577729179354192879e-01,-2.623292024425215585e-01,5.148254168398460706e+01,1.860874742269515991e-01,1.586982607841491699e-02,4.909150302410125732e-04,-1.509027928113937378e-01,3.953929519653320312e+01,2.003790345042943954e-03,5.175877761840820312e+01,0.000000000000000000e+00,1.860959678888320923e-01,1.586422324180603027e-02,-8.690003305673599243e-04,-1.507691740989685059e-01,3.975341033935546875e+01,2.231834921985864639e-03,5.148254013061523438e+01,0.000000000000000000e+00,2.000000000000000000e+00,2.463003158569335938e+00,0.000000000000000000e+00,0.000000000000000000e+00,1.006847247481346130e-01,1.018279865384101868e-01,-3.501208543777465820e+00,3.572879076004028320e+00,-3.520192146301269531e+00,3.592396974563598633e+00
2.799999999999802647e+00,1.008291706571553918e-02,-4.317468187126927148e-02,-1.427575405751572985e-05,-3.140975122803944808e-05,-1.426892703241285624e-05,6.737069314713948522e-07,2.247661970349676075e+00,2.163079346816877635e+00,2.882372558303458288e+00,3.207171132755606835e-01,-2.439220897327876447e-01,-2.513367543931827597e-01,5.321471074670118639e+01,2.882325683117064052e+00,3.207497959897056550e-01,-2.444887775786131756e-01,-2.509022969900314148e-01,5.363106591086228292e+01,1.860719323158264160e-01,1.294426433742046356e-02,-1.040607690811157227e-03,-1.422843039035797119e-01,3.996350860595703125e+01,-4.726645536720752716e-03,5.321471023559570312e+01,0.000000000000000000e+00,1.860790401697158813e-01,1.293889991939067841e-02,-9.510554373264312744e-04,-1.423332095146179199e-01,3.979063415527343750e+01,-1.965138129889965057e-03,5.363106536865234375e+01,0.000000000000000000e+00,2.000000000000000000e+00,2.503005027770996094e+00,0.000000000000000000e+00,0.000000000000000000e+00,9.449300169944763184e-02,9.451033174991607666e-02,-3.546370029449462891e+00,3.603721857070922852e+00,-3.530096054077148438e+00,3.589235305786132812e+00
2.819999999999800444e+00,9.227090110521168898e-03,-4.228693392958490782e-02,-8.595668663737938560e-06,-2.530094094230305075e-03,-1.417565636026316864e-05,3.711613294551503820e-05,2.290940981114895081e+00,2.164853334810150187e+00,2.877591648091546439e+00,3.158332253511544341e-01,-2.235612138721821129e-01,-2.473176380043668743e-01,5.330804045824200443e+01,2.877553040723731748e+00,3.158582943145816224e-01,-2.319795783486468255e-01,-2.393076556428404278e-01,5.340451391688302607e+01,1.860559135675430298e-01,1.018077787011861801e-02,-2.427609637379646301e-03,-1.340622305870056152e-01,4.034490585327148438e+01,-7.585073355585336685e-03,5.330804061889648438e+01,0.000000000000000000e+00,1.860616654157638550e-01,1.017600949853658676e-02,-9.581446647644042969e-04,-1.341934204101562500e-01,3.980799102783203125e+01,-4.111891146749258041e-03,5.340451431274414062e+01,0.000000000000000000e+00,2.000000000000000000e+00,2.543006896972656250e+00,0.000000000000000000e+00,0.000000000000000000e+00,8.776657283306121826e-02,8.716610074043273926e-02,-3.586107254028320312e+00,3.632246255874633789e+00,-3.537195682525634766e+00,3.585231304168701172e+00
2.839999999999798241e+00,8.390150497550406122e-03,-4.130063168857131539e-02,-1.293348423579331540e-05,-3.850753083299713209e-03,-1.389128298699324375e-05,5.094133388460584132e-05,2.334252040954738039e+00,2.166266839587702719e+00,2.873071918792868384e+00,3.111624173030815843e-01,-2.098021774988862720e-01,-2.375797804242257560e-01,5.335986346256641610e+01,2.873017433806384524e+00,3.112037342689329966e-01,-2.216271124496301259e-01,-2.261498248709737646e-01,5.322271664019964987e+01,1.860370635986328125e-01,7.576384581625461578e-03,-2.721292898058891296e-03,-1.262472271919250488e-01,4.044732284545898438e+01,-7.314782589673995972e-03,5.335986328125000000e+01,0.000000000000000000e+00,1.860456019639968872e-01,7.571616210043430328e-03,-6.411243230104446411e-04,-1.263699829578399658e-01,3.968407058715820312e+01,-4.260558634996414185e-03,5.322271728515625000e+01,0.000000000000000000e+00,2.000000000000000000e+00,2.583008766174316406e+00,0.000000000000000000e+00,0.000000000000000000e+00,8.032663911581039429e-02,7.967888563871383667e-02,-3.599647283554077148e+00,3.636914253234863281e+00,-3.530736207962036133e+00,3.569469451904296875e+00
2.859999999999796039e+00,7.474575613642867218e-03,-5.212731812032729561e-02,-2.062506326497653310e-05,2.263972659228844289e-02,-1.433879328877391796e-05,-3.849540658829572531e-04,2.377591961769310647e+00,2.168068394978643454e+00,2.848154172304366849e+00,3.262912318757458241e-01,-2.822158327463918148e+00,2.228469902161138716e+00,1.579634806602489334e+02,2.848156273645598535e+00,3.262767546068206514e-01,-2.757279231394791363e+00,2.164247832557266271e+00,1.598789081760543525e+02,1.896346658468246460e-01,4.859771113842725754e-03,4.564688205718994141e-01,-1.668098419904708862e-01,1.322011718750000000e+02,-2.021536603569984436e-02,1.579634857177734375e+02,0.000000000000000000e+00,1.896331757307052612e-01,4.855241160839796066e-03,4.447931647300720215e-01,-1.666657775640487671e-01,1.355283660888671875e+02,-1.401033718138933182e-02,1.598789062500000000e+02,0.000000000000000000e+00,1.967499256134033203e+00,2.622781991958618164e+00,0.000000000000000000e+00,0.000000000000000000e+00,1.569893360137939453e-01,1.603166759014129639e-01,-1.190907764434814453e+01,1.199964046478271484e+01,-1.220625305175781250e+01,1.230409622192382812e+01
2.879999999999793836e+00,6.475846496194839937e-03,-4.592292493469581766e-02,-1.613893063020636106e-05,5.850850452449620626e-03,-1.525385914237250052e-05,-1.788080870843887179e-04,2.420953704852212063e+00,2.167719278227933533e+00,2.778235422118732867e+00,3.825660530564806150e-01,-3.817051246094719463e+00,3.063945915592675817e+00,5.548778456817630911e+01,2.778201219279456513e+00,3.825872932985847630e-01,-3.800506401923552158e+00,3.047138678345051588e+00,5.575562977466707792e+01,2.012073099613189697e-01,7.842378690838813782e-04,6.391271352767944336e-01,-2.365952283143997192e-01,4.273344039916992188e+01,-1.777579821646213531e-02,5.548778533935546875e+01,0.000000000000000000e+00,2.012124955654144287e-01,7.794694975018501282e-04,6.360347270965576172e-01,-2.367076426744461060e-01,4.350348663330078125e+01,-1.062295492738485336e-02,5.575563049316406250e+01,0.000000000000000000e+00,1.917498111724853516e+00,2.661606788635253906e+00,0.000000000000000000e+00,0.000000000000000000e+00,1.369207501411437988e-01,1.376940459012985229e-01,-3.967560291290283203e+00,3.972897291183471680e+00,-4.036278247833251953e+00,4.047346591949462891e+00
2.899999999999791633e+00,5.615347766497294155e-03,-4.034353830594809842e-02,-1.828332089012140111e-05,2.244744975026024235e-03,-1.530774173588093828e-05,-6.473395753320507488e-05,2.464291388547065420e+00,2.165832882435293705e+00,2.704084439338598767e+00,4.402531516962655544e-01,-3.547790584496475219e+00,2.660901187472230145e+00,3.165878466912257849e+01,2.704036115545390029e+00,4.402900896845090561e-01,-3.541393460103750002e+00,2.654185594644098423e+00,3.157671528003607975e+01,2.135735005140304565e-01,-4.573578014969825745e-03,5.870616436004638672e-01,-2.961516380310058594e-01,2.116588973999023438e+01,-4.220410808920860291e-02,3.165878486633300781e+01,0.000000000000000000e+00,2.135815769433975220e-01,-4.577631130814552307e-03,5.858265161514282227e-01,-2.962746620178222656e-01,2.135410690307617188e+01,-3.697994723916053772e-02,3.157671546936035156e+01,0.000000000000000000e+00,1.867496967315673828e+00,2.699431896209716797e+00,0.000000000000000000e+00,0.000000000000000000e+00,1.303984522819519043e-01,1.304242908954620361e-01,-2.016827583312988281e+00,1.986019730567932129e+00,-2.032655715942382812e+00,2.005819320678710938e+00
2.919999999999789431e+00,4.845667269496228835e-03,-3.659615492819633109e-02,-1.748874574586115402e-05,8.841168137410423261e-04,-1.483803810481719305e-05,9.166728425800052191e-06,2.507586368584858061e+00,2.163493599597201111e+00,2.638409581066865073e+00,4.868033406133632779e-01,-3.054105417125450916e+00,2.035620418982831303e+00,2.992297248472518945e+01,2.638360254925947945e+00,4.868430043076978908e-01,-3.051448152104490052e+00,2.032727473628433312e+00,2.967729916742654339e+01,2.242294698953628540e-01,-1.107328012585639954e-02,4.847360253334045410e-01,-3.508457243442535400e-01,1.976570510864257812e+01,-5.205453559756278992e-02,2.992297172546386719e+01,0.000000000000000000e+00,2.242379486560821533e-01,-1.107697561383247375e-02,4.842090010643005371e-01,-3.509350121021270752e-01,1.974755477905273438e+01,-4.884122684597969055e-02,2.967729949951171875e+01,0.000000000000000000e+00,1.817495822906494141e+00,2.736256837844848633e+00,0.000000000000000000e+00,0.000000000000000000e+00,1.188912987709045410e-01,1.186395287513732910e-01,-1.904790639877319336e+00,1.858836889266967773e+00,-1.901844501495361328e+00,1.858336210250854492e+00
2.939999999999787228e+00,4.142973324181110223e-03,-3.370965506075497553e-02,-1.643387333613454033e-05,-5.669671385817986325e-04,-1.401602420081186228e-05,6.137083048018428634e-05,2.550831094083946926e+00,2.160747829534415132e+00,2.582256227634832868e+00,5.212574941276828522e-01,-2.601490264104976635e+00,1.457455154634089478e+00,3.323522805729294305e+01,2.582206262413286879e+00,5.212994556179342265e-01,-2.602855570213773895e+00,1.458841182156639160e+00,3.277366546308574868e+01,2.328657209873199463e-01,-1.862129941582679749e-02,3.869185149669647217e-01,-4.009594917297363281e-01,2.307652664184570312e+01,-6.014484539628028870e-02,3.323522949218750000e+01,0.000000000000000000e+00,2.328744977712631226e-01,-1.862451806664466858e-02,3.871797323226928711e-01,-4.009502530097961426e-01,2.283013534545898438e+01,-5.974489077925682068e-02,3.277366638183593750e+01,0.000000000000000000e+00,1.767494678497314453e+00,2.772081613540649414e+00,0.000000000000000000e+00,0.000000000000000000e+00,9.645760804414749146e-02,9.646269679069519043e-02,-2.228440284729003906e+00,2.166524887084960938e+00,-2.204735517501831055e+00,2.143294572830200195e+00
2.959999999999785025e+00,3.487557152921335387e-03,-3.198516948206837213e-02,-1.521360382926859725e-05,1.547675383876581223e-03,-1.307716157126556300e-05,2.723990846258730327e-05,2.594014866216232562e+00,2.157315270804440743e+00,2.534110721991058135e+00,5.452773062455202879e-01,-2.249059178388857383e+00,9.878525256004829780e-01,3.679370915554509480e+01,2.534070283166558912e+00,5.453107250815776297e-01,-2.244745571108399229e+00,9.833207026610752965e-01,3.664017220078401493e+01,2.397393584251403809e-01,-2.712187170982360840e-02,3.079506158828735352e-01,-4.460583925247192383e-01,2.603161811828613281e+01,-7.020377367734909058e-02,3.679370880126953125e+01,0.000000000000000000e+00,2.397463917732238770e-01,-2.712449431419372559e-02,3.071097135543823242e-01,-4.461430907249450684e-01,2.613036918640136719e+01,-6.769586354494094849e-02,3.664017105102539062e+01,0.000000000000000000e+00,1.717493534088134766e+00,2.806906700134277344e+00,0.000000000000000000e+00,0.000000000000000000e+00,6.545823067426681519e-02,6.508022546768188477e-02,-2.511807680130004883e+00,2.430331230163574219e+00,-2.520272970199584961e+00,2.440593481063842773e+00
2.979999999999782823e+00,2.852995169461405509e-03,-3.170406012521532341e-02,-1.548610284866600592e-05,-1.687411895076409464e-04,-1.207111637465449964e-05,5.037116088205319958e-05,2.637121232851086461e+00,2.152919319978045642e+00,2.492285086967278573e+00,5.607298153034055987e-01,-1.965062918996118846e+00,5.960171171434174298e-01,3.986228977690451103e+01,2.492239873965530261e+00,5.607699798655099155e-01,-1.965426054908393505e+00,5.964216520038692071e-01,3.944224906988632995e+01,2.451817840337753296e-01,-3.647144511342048645e-02,2.430014312267303467e-01,-4.859649538993835449e-01,2.909088897705078125e+01,-7.845471054315567017e-02,3.986228942871093750e+01,0.000000000000000000e+00,2.451898455619812012e-01,-3.647323325276374817e-02,2.430719733238220215e-01,-4.859465360641479492e-01,2.891117095947265625e+01,-7.835485786199569702e-02,3.944224929809570312e+01,0.000000000000000000e+00,1.667492389678955078e+00,2.840731143951416016e+00,0.000000000000000000e+00,0.000000000000000000e+00,2.896515838801860809e-02,2.908829040825366974e-02,-2.799842834472656250e+00,2.697696924209594727e+00,-2.782669067382812500e+00,2.680863857269287109e+00
2.999999999999780620e+00,2.210444056835137935e-03,-3.283323235255958261e-02,-1.587832532821227541e-05,2.131284054919093361e-03,-1.107304085742656324e-05,6.445583847069061604e-05,2.680128758898055796e+00,2.147339522792906408e+00,2.455328682833855858e+00,5.692619297162484493e-01,-1.756466036270305953e+00,2.898182113819502970e-01,4.217559707976358396e+01,2.455289611205558664e+00,5.692974860246569069e-01,-1.750509452083442774e+00,2.836351922987720431e-01,4.208505010211860053e+01,2.494933009147644043e-01,-4.656559973955154419e-02,1.937476694583892822e-01,-5.205861330032348633e-01,3.084307289123535156e+01,-8.698245137929916382e-02,4.217559814453125000e+01,0.000000000000000000e+00,2.495003193616867065e-01,-4.656679183244705200e-02,1.926047950983047485e-01,-5.206851363182067871e-01,3.102758598327636719e+01,-8.525065332651138306e-02,4.208504867553710938e+01,0.000000000000000000e+00,1.617491245269775391e+00,2.873556375503540039e+00,0.000000000000000000e+00,0.000000000000000000e+00,-1.091183442622423172e-02,-1.162280421704053879e-02,-2.961269855499267578e+00,2.838128566741943359e+00,-2.978107213973999023e+00,2.855938911437988281e+00
3.019999999999778417e+00,1.533035820975914071e-03,-3.522544251624805389e-02,-8.591379246389193764e-06,-1.007290221341151232e-03,-9.943432619535319964e-06,2.290566295524293361e-05,2.723012043869460719e+00,2.140411221435248645e+00,2.422150512398304478e+00,5.721712096937013881e-01,-1.575909213871569126e+00,2.168726486758117133e-02,4.570745661747139366e+01,2.422122962549157599e+00,5.721970652768928467e-01,-1.579357090577478306e+00,2.549940352764967083e-02,4.579110743745479795e+01,2.529092431068420410e-01,-5.730080977082252502e-02,1.512191891670227051e-01,-5.503557324409484863e-01,3.324067687988281250e+01,-9.086921066045761108e-02,4.570745849609375000e+01,0.000000000000000000e+00,2.529142498970031738e-01,-5.730140581727027893e-02,1.518968343734741211e-01,-5.502027869224548340e-01,3.294273757934570312e+01,-9.294793754816055298e-02,4.579110717773437500e+01,0.000000000000000000e+00,1.567490100860595703e+00,2.905380964279174805e+00,0.000000000000000000e+00,0.000000000000000000e+00,-5.489887669682502747e-02,-5.378118529915809631e-02,-3.181626796722412109e+00,3.037911891937255859e+00,-3.154175758361816406e+00,3.009561300277709961e+00
3.039999999999776215e+00,7.978884077339908456e-04,-3.862772638255122098e-02,-1.874866137964575287e-05,2.552713132932060182e-03,-9.147239366266844316e-06,1.214129175641072639e-04,2.765742473316597838e+00,2.131954802744651101e+00,2.391929541523035940e+00,5.704908980830287746e-01,-1.461180476974953901e+00,-1.690499957423854394e-01,4.553348091115358898e+01,2.391886263212677832e+00,5.705355382174674972e-01,-1.453849012461277290e+00,-1.766303365409391257e-01,4.547327301844286751e+01,2.556127309799194336e-01,-6.857778877019882202e-02,1.225117743015289307e-01,-5.748273730278015137e-01,3.370331573486328125e+01,-9.841330349445343018e-02,4.553348159790039062e+01,0.000000000000000000e+00,2.556209266185760498e-01,-6.857707351446151733e-02,1.211214959621429443e-01,-5.749557614326477051e-01,3.393627166748046875e+01,-9.759132564067840576e-02,4.547327423095703125e+01,0.000000000000000000e+00,1.517488956451416016e+00,2.936206102371215820e+00,0.000000000000000000e+00,0.000000000000000000e+00,-9.807840734720230103e-02,-9.930440038442611694e-02,-3.220782756805419922e+00,3.056608438491821289e+00,-3.242433547973632812e+00,3.078269481658935547e+00
3.059999999999774012e+00,-1.368664733505220247e-05,-4.283816451401106090e-02,-1.952073337782307249e-05,3.476683985045104022e-04,-8.223432026603345627e-06,7.058412818384808508e-05,2.808288848753909939e+00,2.121890126708816382e+00,2.363997078685204478e+00,5.651025020522106868e-01,-1.354181925786316132e+00,-3.420020018660540062e-01,4.678047121901398953e+01,2.363946296487928755e+00,5.651577751103381564e-01,-1.352667569205459941e+00,-3.434982297323877498e-01,4.638787161111680035e+01,2.577560245990753174e-01,-8.030130714178085327e-02,9.649708867073059082e-02,-5.949838161468505859e-01,3.500637817382812500e+01,-1.012308970093727112e-01,4.678047180175781250e+01,0.000000000000000000e+00,2.577658593654632568e-01,-8.029916137456893921e-02,9.621583670377731323e-02,-5.949829220771789551e-01,3.489454650878906250e+01,-1.019632443785667419e-01,4.638787078857421875e+01,0.000000000000000000e+00,1.467487812042236328e+00,2.966030597686767578e+00,0.000000000000000000e+00,0.000000000000000000e+00,-1.449079960584640503e-01,-1.449699699878692627e-01,-3.338853836059570312e+00,3.154467821121215820e+00,-3.328519344329833984e+00,3.143939971923828125e+00
3.079999999999771809e+00,-9.159770309670063051e-04,-4.774382854621383315e-02,-1.241379009971066088e-05,1.207056667156965277e-03,-6.903527709627749338e-06,1.034070942337767007e-04,2.850617843697782483e+00,2.110131926800663305e+00,2.337826648359632387e+00,5.567442796134902672e-01,-1.272017278969654441e+00,-4.802321557551055831e-01,4.923749175742202766e+01,2.337799475511566527e+00,5.567778318981576602e-01,-1.269122850172007544e+00,-4.830260898109842160e-01,4.963077207712164807e+01,2.594621479511260986e-01,-9.238031506538391113e-02,7.624890655279159546e-02,-6.108845472335815430e-01,3.586162185668945312e+01,-1.006095409393310547e-01,4.923749160766601562e+01,0.000000000000000000e+00,2.594676911830902100e-01,-9.237781167030334473e-02,7.572206854820251465e-02,-6.108666658401489258e-01,3.589385986328125000e+01,-1.024124622344970703e-01,4.963077163696289062e+01,0.000000000000000000e+00,1.417486667633056641e+00,2.994855403900146484e+00,0.000000000000000000e+00,0.000000000000000000e+00,-1.924084275960922241e-01,-1.925933361053466797e-01,-3.414714097976684570e+00,3.212823629379272461e+00,-3.418385028839111328e+00,3.215029954910278320e+00
3.099999999999769607e+00,-1.919368355846571682e-03,-5.298059254500433329e-02,-1.623548504624583352e-05,3.729753452422664151e-03,-6.069328809577744511e-06,2.633288022333629750e-04,2.892694627196232826e+00,2.096570127557917385e+00,2.313106219668592978e+00,5.459307677120550650e-01,-1.218076992463747121e+00,-5.787922691707759748e-01,4.836316891940017371e+01,2.313077011100311609e+00,5.459694699063679657e-01,-1.207569557515846492e+00,-5.897473632042604663e-01,4.849993852449158993e+01,2.608115673065185547e-01,-1.047324165701866150e-01,6.243703886866569519e-02,-6.221810579299926758e-01,3.590150070190429688e+01,-1.057253405451774597e-01,4.836317062377929688e+01,0.000000000000000000e+00,2.608178257942199707e-01,-1.047284826636314392e-01,6.045979633927345276e-02,-6.224486827850341797e-01,3.633861160278320312e+01,-1.057145074009895325e-01,4.849993896484375000e+01,0.000000000000000000e+00,1.367485523223876953e+00,3.022680282592773438e+00,0.000000000000000000e+00,0.000000000000000000e+00,-2.371085286140441895e-01,-2.400631457567214966e-01,-3.417411327362060547e+00,3.195801258087158203e+00,-3.458486557006835938e+00,3.235173940658569336e+00
3.119999999999767404e+00,-3.030821483882804868e-03,-5.845365545171418709e-02,-1.822587009903823879e-05,1.196966726360872754e-03,-5.065135402247263630e-06,1.416531233208291824e-04,2.934483064303857969e+00,2.081186672168620078e+00,2.289535160987425488e+00,5.331586354093684754e-01,-1.160140590766754354e+00,-6.726869734970597481e-01,4.906098421904071927e+01,2.289495139294857040e+00,5.332126025892954813e-01,-1.156419714163175350e+00,-6.764883435690338676e-01,4.880286932111337705e+01,2.618807852268218994e-01,-1.172788888216018677e-01,4.880232736468315125e-02,-6.302533149719238281e-01,3.672581481933593750e+01,-1.044859364628791809e-01,4.906098556518554688e+01,0.000000000000000000e+00,2.618893682956695557e-01,-1.172730475664138794e-01,4.811024665832519531e-02,-6.303212642669677734e-01,3.675231170654296875e+01,-1.060236021876335144e-01,4.880286788940429688e+01,0.000000000000000000e+00,1.317484378814697266e+00,3.049504756927490234e+00,0.000000000000000000e+00,0.000000000000000000e+00,-2.862539887428283691e-01,-2.871354222297668457e-01,-3.492842674255371094e+00,3.252513170242309570e+00,-3.495836496353149414e+00,3.254254579544067383e+00
3.139999999999765201e+00,-4.253630985177780932e-03,-6.410514059313909829e-02,-1.784217806493949854e-05,2.794915858995731563e-03,-3.820283009606672277e-06,2.767474987490031279e-04,2.975946166496961975e+00,2.063938204224866180e+00,2.266876477709092619e+00,5.188564022646908747e-01,-1.121605892948241090e+00,-7.376332190726074822e-01,4.949684192573715080e+01,2.266844269205396500e+00,5.189058885530576370e-01,-1.113547047119209488e+00,-7.460506474165954360e-01,4.948157393376598634e+01,2.627328038215637207e-01,-1.299464702606201172e-01,3.968579322099685669e-02,-6.345301866531372070e-01,3.683606338500976562e+01,-1.043849438428878784e-01,4.949684143066406250e+01,0.000000000000000000e+00,2.627402544021606445e-01,-1.299394369125366211e-01,3.817614167928695679e-02,-6.347657442092895508e-01,3.711641693115234375e+01,-1.057197600603103638e-01,4.948157501220703125e+01,0.000000000000000000e+00,1.267483234405517578e+00,3.075329780578613281e+00,0.000000000000000000e+00,0.000000000000000000e+00,-3.321633636951446533e-01,-3.349313139915466309e-01,-3.502583265304565430e+00,3.245139360427856445e+00,-3.529376506805419922e+00,3.269591331481933594e+00
3.159999999999762998e+00,-5.588947401515984882e-03,-6.963425788607967293e-02,-2.003710921756650734e-05,8.038694666150829685e-05,-2.743780523495348746e-06,8.190721075726888284e-05,3.017046410279829782e+00,2.044796289573934001e+00,2.245019019505086533e+00,5.033098886130142890e-01,-1.079476306062349789e+00,-7.977979453965685641e-01,4.999348474087906880e+01,2.244974906636313161e+00,5.033759890894584643e-01,-1.078563746376704158e+00,-7.986077723698736808e-01,4.955442278172416337e+01,2.634053230285644531e-01,-1.426702141761779785e-01,3.072854131460189819e-02,-6.359785199165344238e-01,3.745137786865234375e+01,-1.016197130084037781e-01,4.999348449707031250e+01,0.000000000000000000e+00,2.634153366088867188e-01,-1.426611542701721191e-01,3.056941181421279907e-02,-6.359478831291198730e-01,3.729801940917968750e+01,-1.043322160840034485e-01,4.955442428588867188e+01,0.000000000000000000e+00,1.217482089996337891e+00,3.100153923034667969e+00,0.000000000000000000e+00,0.000000000000000000e+00,-3.814934194087982178e-01,-3.813105523586273193e-01,-3.559741020202636719e+00,3.284197330474853516e+00,-3.546231985092163086e+00,3.269494295120239258e+00
3.179999999999760796e+00,-7.033765719979821404e-03,-7.489091954549814689e-02,-2.206807413873001586e-05,4.250286147442134711e-04,-1.627847611157288643e-06,1.079586337336473317e-04,3.057745555409471017e+00,2.023678379549231021e+00,2.223873604864399223e+00,4.867823607966368371e-01,-1.044207863309772222e+00,-8.416992276728139100e-01,5.004021945637391156e+01,2.223826625403589219e+00,4.868564002591628803e-01,-1.042639281437533150e+00,-8.431697055512445971e-01,4.945803614734616360e+01,2.639313340187072754e-01,-1.553892493247985840e-01,2.391271293163299561e-02,-6.341850161552429199e-01,3.786275482177734375e+01,-1.007888168096542358e-01,5.004021835327148438e+01,0.000000000000000000e+00,2.639422714710235596e-01,-1.553780436515808105e-01,2.363380789756774902e-02,-6.341673731803894043e-01,3.772656250000000000e+01,-1.040771156549453735e-01,4.945803451538085938e+01,0.000000000000000000e+00,1.167480945587158203e+00,3.123979091644287109e+00,0.000000000000000000e+00,0.000000000000000000e+00,-4.289809465408325195e-01,-4.289791584014892578e-01,-3.599185228347778320e+00,3.304540157318115234e+00,-3.587484598159790039e+00,3.291191816329956055e+00
3.199999999999758593e+00,-6.060710778765769288e-03,1.990957773968999311e-01,-1.888837000703260443e-05,-1.078845161992221437e-03,-4.535593015019628297e-06,1.773428715213280706e-04,3.098202081649891415e+00,2.022455596563896840e+00,2.211926646297299293e+00,4.731714005719974692e-01,-2.017210121667023515e-01,-5.850667760108207993e-01,4.268462517026183889e+01,2.211876682304060093e+00,4.732384690325941445e-01,-2.015224546780770842e-01,-5.797394679045211330e-01,4.216084413507842044e+01,2.638556361198425293e-01,-1.660069376230239868e-01,-3.252833336591720581e-02,-4.987649917602539062e-01,5.497265625000000000e+01,-5.046968936920166016e+00,4.268462371826171875e+01,0.000000000000000000e+00,2.638662457466125488e-01,-1.659994274377822876e-01,-3.207747265696525574e-02,-4.966394305229187012e-01,5.464495468139648438e+01,-5.087011337280273438e+00,4.216084289550781250e+01,0.000000000000000000e+00,1.117479801177978516e+00,3.146803379058837891e+00,0.000000000000000000e+00,0.000000000000000000e+00,-2.048973143100738525e-01,-1.915809810161590576e-01,-7.038161277770996094e+00,2.897947311401367188e+00,-7.021888732910156250e+00,2.853578567504882812e+00
3.219999999999756390e+00,-1.228824854344795102e-03,2.632535961253771317e-01,-2.092764629964552348e-05,1.698470506745241356e-03,-4.292825951913357761e-06,-1.676358027762406820e-04,3.138495754629362366e+00,2.003789723709738624e+00,2.210499018745534450e+00,4.611881288161394643e-01,-1.046982959397382319e-02,-6.125737633340062605e-01,4.895287846889075922e+01,2.210462623542222449e+00,4.612584526847380850e-01,-9.422012462269716004e-03,-6.202151048584122472e-01,4.928471236563288471e+01,2.629348039627075195e-01,-1.759810298681259155e-01,-5.297316238284111023e-02,-5.031359791755676270e-01,6.389142608642578125e+01,-6.142015933990478516e+00,4.895287704467773438e+01,0.000000000000000000e+00,2.629444003105163574e-01,-1.759675592184066772e-01,-5.374456569552421570e-02,-5.056937932968139648e-01,6.391169738769531250e+01,-6.096146583557128906e+00,4.928471374511718750e+01,0.000000000000000000e+00,1.067478656768798828e+00,3.168628215789794922e+00,0.000000000000000000e+00,0.000000000000000000e+00,-4.623016119003295898e-01,-4.771754741668701172e-01,-8.299991607666015625e+00,3.261760711669921875e+00,-8.284818649291992188e+00,3.281143426895141602e+00
3.239999999999754188e+00,4.036514223066081826e-03,2.602039461840445211e-01,-1.930382623527924149e-05,-1.393212119655301518e-03,-1.990166169522050558e-06,3.602281404477749183e-04,3.178328372400376356e+00,1.977551721105758720e+00,2.210530306870960082e+00,4.486339605028650812e-01,2.889737050521213376e-03,-6.340275947645064303e-01,5.401650712832046963e+01,2.210503957915042506e+00,4.487179441573232452e-01,2.807506949770407264e-03,-6.274436785421276808e-01,5.336444593367360056e+01,2.618256211280822754e-01,-1.860727965831756592e-01,-5.615504458546638489e-02,-5.035061836242675781e-01,6.819490814208984375e+01,-6.514750957489013672e+00,5.401650619506835938e+01,0.000000000000000000e+00,2.618354558944702148e-01,-1.860502660274505615e-01,-5.556639283895492554e-02,-5.009988546371459961e-01,6.782742309570312500e+01,-6.566705703735351562e+00,5.336444473266601562e+01,0.000000000000000000e+00,1.017477512359619141e+00,3.189452648162841797e+00,0.000000000000000000e+00,0.000000000000000000e+00,-5.767807364463806152e-01,-5.615785121917724609e-01,-8.866405487060546875e+00,3.499552965164184570e+00,-8.850567817687988281e+00,3.447078704833984375e+00
3.259999999999751985e+00,9.180723237767845352e-03,2.538045387440809320e-01,-2.097103347229183241e-05,1.851853196907540496e-03,1.129877883432721499e-06,-1.162522693488634825e-04,3.217612497999885246e+00,1.949182443288878464e+00,2.210430553878195425e+00,4.363665084735214306e-01,-1.267706760106385167e-02,-5.916631328826157388e-01,5.159981623590745414e+01,2.210412021112586167e+00,4.364484631348561905e-01,-1.189117139658267021e-02,-6.000561189599039613e-01,5.195987880977071427e+01,2.607536315917968750e-01,-1.959825158119201660e-01,-5.096162483096122742e-02,-4.865901470184326172e-01,6.990415954589843750e+01,-7.078497409820556641e+00,5.159981536865234375e+01,0.000000000000000000e+00,2.607626616954803467e-01,-1.959578394889831543e-01,-5.177595838904380798e-02,-4.895354807376861572e-01,6.993936920166015625e+01,-7.028541088104248047e+00,5.195987701416015625e+01,0.000000000000000000e+00,9.674772024154663086e-01,3.209277153015136719e+00,0.000000000000000000e+00,0.000000000000000000e+00,-5.852884054183959961e-01,-6.025843024253845215e-01,-9.258463859558105469e+00,3.434432744979858398e+00,-9.243182182312011719e+00,3.456752300262451172e+00
3.279999999999749782e+00,1.417481654187522158e-02,2.460293098604325324e-01,-1.729135011013650425e-05,1.065638745712931120e-03,3.276637204019337722e-06,-4.719465115185554832e-05,3.256313977696341233e+00,1.919331424601987246e+00,2.210044173516328758e+00,4.246609491256244096e-01,-2.523225526566590105e-02,-5.699516757905028763e-01,5.367084817886559733e+01,2.210031985007985256e+00,4.247347909265148935e-01,-2.435401108769238640e-02,-5.736502967820494847e-01,5.371816680559425805e+01,2.597582638263702393e-01,-2.056328058242797852e-01,-4.785624518990516663e-02,-4.751389026641845703e-01,7.199093627929687500e+01,-7.517395019531250000e+00,5.367084884643554688e+01,0.000000000000000000e+00,2.597659230232238770e-01,-2.056089639663696289e-01,-4.826591908931732178e-02,-4.762404561042785645e-01,7.193932342529296875e+01,-7.500530719757080078e+00,5.371816635131835938e+01,0.000000000000000000e+00,9.174772500991821289e-01,3.228101730346679688e+00,0.000000000000000000e+00,0.000000000000000000e+00,-6.255577206611633301e-01,-6.314252614974975586e-01,-9.639802932739257812e+00,3.449665307998657227e+00,-9.628496170043945312e+00,3.451587438583374023e+00
3.299999999999747580e+00,1.902791253575697103e-02,2.399683094266439609e-01,-2.130513914980075867e-05,1.760461043019404502e-03,5.542921716097635274e-06,-1.644212815596234251e-04,3.294407124875273762e+00,1.888304751421424843e+00,2.209466838263281829e+00,4.134728563356898645e-01,-3.233167904928199721e-02,-5.374230546978430167e-01,5.139032841013543162e+01,2.209457193656814145e+00,4.135626233798671558e-01,-3.176075011514120638e-02,-5.456279246043843623e-01,5.168767798828426407e+01,2.588267028331756592e-01,-2.150140702724456787e-01,-4.430454596877098083e-02,-4.592050909996032715e-01,7.379093933105468750e+01,-8.026224136352539062e+00,5.139032745361328125e+01,0.000000000000000000e+00,2.588355839252471924e-01,-2.149830758571624756e-01,-4.508256539702415466e-02,-4.621582925319671631e-01,7.381224060058593750e+01,-7.976284503936767578e+00,5.168767929077148438e+01,0.000000000000000000e+00,8.674772977828979492e-01,3.245925903320312500e+00,0.000000000000000000e+00,0.000000000000000000e+00,-6.416073441505432129e-01,-6.584526896476745605e-01,-1.001932907104492188e+01,3.411785602569580078e+00,-1.000271224975585938e+01,3.432904243469238281e+00
3.319999999999745377e+00,2.375616757599328943e-02,2.325206664800330558e-01,-1.974055612399584363e-05,-2.875631691258855732e-03,6.380320014302088899e-06,4.036332306438807603e-04,3.331867468069794391e+00,1.855886448614274098e+00,2.208788450365996692e+00,4.027730778351812368e-01,-3.445029312964226209e-02,-5.343390279576506474e-01,5.376618160189956797e+01,2.208781046051651042e+00,4.028787229491378463e-01,-3.545041450770373276e-02,-5.221780171393933800e-01,5.280424749025211639e+01,2.579480707645416260e-01,-2.241205126047134399e-01,-4.381842911243438721e-02,-4.513895511627197266e-01,7.633103179931640625e+01,-8.373184204101562500e+00,5.376618194580078125e+01,0.000000000000000000e+00,2.579580843448638916e-01,-2.240824848413467407e-01,-4.265025258064270020e-02,-4.470685124397277832e-01,7.578549194335937500e+01,-8.459943771362304688e+00,5.280424880981445312e+01,0.000000000000000000e+00,8.174773454666137695e-01,3.262750864028930664e+00,0.000000000000000000e+00,0.000000000000000000e+00,-7.047275900840759277e-01,-6.778684854507446289e-01,-1.040958118438720703e+01,3.500941276550292969e+00,-1.038922977447509766e+01,3.419351577758789062e+00
3.339999999999743174e+00,2.836472209888973167e-02,2.265251377884656137e-01,-2.021329176713406454e-05,-3.867613529232392933e-03,6.657691248130341670e-06,4.742265490984657076e-04,3.368669986679589279e+00,1.822343148522717726e+00,2.208065299965319639e+00,3.925474908012459574e-01,-3.546709538882650975e-02,-5.146583234537818186e-01,5.389694477054966626e+01,2.208060007772334021e+00,3.926607746639427798e-01,-3.698532030175547686e-02,-4.988998074905151014e-01,5.270039118965944169e+01,2.571157515048980713e-01,-2.329415678977966309e-01,-4.197046160697937012e-02,-4.382076561450958252e-01,7.834158325195312500e+01,-8.809886932373046875e+00,5.389694595336914062e+01,0.000000000000000000e+00,2.571262419223785400e-01,-2.328997254371643066e-01,-4.043542966246604919e-02,-4.326903223991394043e-01,7.768151855468750000e+01,-8.919137954711914062e+00,5.270038986206054688e+01,0.000000000000000000e+00,7.674773931503295898e-01,3.278574943542480469e+00,0.000000000000000000e+00,0.000000000000000000e+00,-7.373862266540527344e-01,-7.031694650650024414e-01,-1.078228569030761719e+01,3.508249759674072266e+00,-1.075915908813476562e+01,3.407900571823120117e+00
3.359999999999740972e+00,3.285390073985653553e-02,2.224953371592552909e-01,-2.031284825860275465e-05,5.858173771680638166e-03,6.171402821277259158e-06,-7.602302839146400388e-04,3.404790298787672143e+00,1.787735047755306006e+00,2.207329626609452422e+00,3.827806333301670416e-01,-3.792499461933693250e-02,-4.577748119269005045e-01,5.107656962282407420e+01,2.207328079703118728e+00,3.828496413011259758e-01,-3.590476598091690147e-02,-4.828723395302350618e-01,5.237183301593130125e+01,2.563254833221435547e-01,-2.414713501930236816e-01,-3.670239821076393127e-02,-4.131637811660766602e-01,7.921327972412109375e+01,-9.455784797668457031e+00,5.107656860351562500e+01,0.000000000000000000e+00,2.563316822052001953e-01,-2.414452433586120605e-01,-3.910898044705390930e-02,-4.220981001853942871e-01,7.973113250732421875e+01,-9.290996551513671875e+00,5.237183380126953125e+01,0.000000000000000000e+00,7.174774408340454102e-01,3.293399810791015625e+00,0.000000000000000000e+00,0.000000000000000000e+00,-7.014733552932739258e-01,-7.531879544258117676e-01,-1.112284660339355469e+01,3.334022760391235352e+00,-1.111145782470703125e+01,3.443247318267822266e+00
3.379999999999738769e+00,3.722317359177116508e-02,2.148224655718341258e-01,-1.507204391103496680e-05,5.102726465057807505e-05,4.536878191532911527e-06,-6.222321237463071617e-05,3.440203262897446823e+00,1.751604126364931124e+00,2.206602966525307075e+00,3.733737334752594283e-01,-3.606047865718798456e-02,-4.640137657000925064e-01,5.351785344563172231e+01,2.206603680955048663e+00,3.734483265025492216e-01,-3.569604826072918236e-02,-4.632745625962007008e-01,5.336519051252144408e+01,2.555663883686065674e-01,-2.497391253709793091e-01,-3.741307929158210754e-02,-4.072213172912597656e-01,8.175681304931640625e+01,-9.728110313415527344e+00,5.351785278320312500e+01,0.000000000000000000e+00,2.555728554725646973e-01,-2.497102767229080200e-01,-3.738317638635635376e-02,-4.068010449409484863e-01,8.159416198730468750e+01,-9.737938880920410156e+00,5.336519241333007812e+01,0.000000000000000000e+00,6.674774885177612305e-01,3.307224273681640625e+00,0.000000000000000000e+00,0.000000000000000000e+00,-7.741531133651733398e-01,-7.699675559997558594e-01,-1.148574352264404297e+01,3.450927972793579102e+00,-1.147356986999511719e+01,3.432812213897705078e+00
3.399999999999736566e+00,4.146713349718934849e-02,2.087878243187874239e-01,-1.488813663592621510e-05,4.749175948155987328e-04,3.802069794192007439e-06,-1.189381276929557562e-04,3.474884151495878370e+00,1.714439949214168868e+00,2.205891642457475932e+00,3.643733025651464397e-01,-3.562493819512389803e-02,-4.423781644268005020e-01,5.333050547959572185e+01,2.205892447510099608e+00,3.644454764558511806e-01,-3.494282982232333606e-02,-4.430739550935314242e-01,5.328774563532105191e+01,2.548420131206512451e-01,-2.577196955680847168e-01,-3.552925214171409607e-02,-3.926863074302673340e-01,8.344881439208984375e+01,-1.014563846588134766e+01,5.333050537109375000e+01,0.000000000000000000e+00,2.548483312129974365e-01,-2.576913237571716309e-01,-3.565652668476104736e-02,-3.927016556262969971e-01,8.333445739746093750e+01,-1.014676761627197266e+01,5.328774642944335938e+01,0.000000000000000000e+00,6.174775362014770508e-01,3.320048809051513672e+00,0.000000000000000000e+00,0.000000000000000000e+00,-7.964152097702026367e-01,-7.946726679801940918e-01,-1.182035827636718750e+01,3.436440229415893555e+00,-1.180959129333496094e+01,3.425944805145263672e+00
3.419999999999734364e+00,4.558714156356218072e-02,2.026262932786810078e-01,-2.251947974833895796e-05,1.747198766302157300e-04,3.290863469547715279e-06,-8.519754910841018103e-05,3.508811740050290950e+00,1.676160402523318771e+00,2.205197033969865661e+00,3.557272069182882412e-01,-3.373562492883852570e-02,-4.218057446385738429e-01,5.190696906713920811e+01,2.205196325719826156e+00,3.558314243437162294e-01,-3.412022893326017298e-02,-4.239980603355950062e-01,5.169370900917759570e+01,2.541476488113403320e-01,-2.654332816600799561e-01,-3.387999534606933594e-02,-3.778901696205139160e-01,8.515737915039062500e+01,-1.055223846435546875e+01,5.190696716308593750e+01,0.000000000000000000e+00,2.541568875312805176e-01,-2.653933465480804443e-01,-3.403601795434951782e-02,-3.788788616657257080e-01,8.498207092285156250e+01,-1.053836822509765625e+01,5.169371032714843750e+01,0.000000000000000000e+00,5.674775838851928711e-01,3.331873416900634766e+00,0.000000000000000000e+00,0.000000000000000000e+00,-8.152849674224853516e-01,-8.194244503974914551e-01,-1.215239810943603516e+01,3.427345275878906250e+00,-1.213008785247802734e+01,3.417275905609130859e+00
3.439999999999732161e+00,4.957870239492919578e-02,1.957364403278631371e-01,-1.850709238665995506e-05,-5.245782574371977980e-03,1.437400036502204688e-06,4.846325801432116052e-04,3.541961989621723816e+00,1.636696492534110536e+00,2.204528082289987090e+00,3.474440328204063677e-01,-3.188372193257810183e-02,-4.203413241638873643e-01,5.411815582278081393e+01,2.204528609753396928e+00,3.475568688301361453e-01,-3.377751997165053671e-02,-3.990808465764616453e-01,5.264819597123776163e+01,2.534831762313842773e-01,-2.728689014911651611e-01,-3.391022235155105591e-02,-3.697473704814910889e-01,8.723558044433593750e+01,-1.082553482055664062e+01,5.411815643310546875e+01,0.000000000000000000e+00,2.534930408000946045e-01,-2.728252708911895752e-01,-3.185562416911125183e-02,-3.622483611106872559e-01,8.643417358398437500e+01,-1.096942806243896484e+01,5.264819717407226562e+01,0.000000000000000000e+00,5.174776315689086914e-01,3.342697620391845703e+00,0.000000000000000000e+00,0.000000000000000000e+00,-8.718286752700805664e-01,-8.251547217369079590e-01,-1.247059631347656250e+01,3.501976490020751953e+00,-1.244617462158203125e+01,3.375944614410400391e+00
3.459999999999729958e+00,5.343867511189592800e-02,1.893473288558221446e-01,-1.993846407655753519e-05,-1.150155723428260149e-03,2.913511305562771301e-07,7.489423918293533055e-05,3.574313465030712678e+00,1.596170201888315932e+00,2.203883635104511907e+00,3.395001686430350052e-01,-3.136358593977874032e-02,-3.936880759921186912e-01,5.341475161188979115e+01,2.203883686145440279e+00,3.395984860680132389e-01,-3.169519272652970843e-02,-3.885313676498450275e-01,5.296058956958646036e+01,2.528465688228607178e-01,-2.800328731536865234e-01,-3.159507364034652710e-02,-3.528786003589630127e-01,8.855944061279296875e+01,-1.124436855316162109e+01,5.341475296020507812e+01,0.000000000000000000e+00,2.528551816940307617e-01,-2.799950838088989258e-01,-3.110938332974910736e-02,-3.510126173496246338e-01,8.821598052978515625e+01,-1.128239154815673828e+01,5.296059036254882812e+01,0.000000000000000000e+00,4.674776792526245117e-01,3.352522611618041992e+00,0.000000000000000000e+00,0.000000000000000000e+00,-8.755824565887451172e-01,-8.625311851501464844e-01,-1.276961040496826172e+01,3.453843116760253906e+00,-1.275021839141845703e+01,3.408977031707763672e+00
3.479999999999727756e+00,5.717108180132827316e-02,1.827366128197236428e-01,-1.937519842909882559e-05,-1.545618119429984687e-03,-1.018577279507745783e-06,1.026374503039245874e-04,3.605844878359206085e+00,1.554669037967575607e+00,2.203259070357048266e+00,3.319155989262457251e-01,-3.035890220148809368e-02,-3.792616511561320292e-01,5.348873081170553689e+01,2.203259983658192311e+00,3.320136039204917844e-01,-3.076041665452277502e-02,-3.723763325811706437e-01,5.294433848566868761e+01,2.522400319576263428e-01,-2.869234979152679443e-01,-3.040403500199317932e-02,-3.403230905532836914e-01,9.012440490722656250e+01,-1.157624149322509766e+01,5.348873138427734375e+01,0.000000000000000000e+00,2.522485554218292236e-01,-2.868853509426116943e-01,-2.975971810519695282e-02,-3.378165364265441895e-01,8.973834228515625000e+01,-1.162584590911865234e+01,5.294433975219726562e+01,0.000000000000000000e+00,4.174777269363403320e-01,3.361346721649169922e+00,0.000000000000000000e+00,0.000000000000000000e+00,-9.019076228141784668e-01,-8.849251270294189453e-01,-1.305940246582031250e+01,3.460290908813476562e+00,-1.304013538360595703e+01,3.407231807708740234e+00
3.499999999999725553e+00,6.077325131471690567e-02,1.767661780030376772e-01,-1.814512321144900174e-05,1.339122330598492908e-03,-2.541813943217550490e-06,-2.212488049473379037e-04,3.636536793149446112e+00,1.512240791926378058e+00,2.202656268512332538e+00,3.246644555539329735e-01,-2.993494569253963775e-02,-3.531040126528617318e-01,5.328772768134319193e+01,2.202659768139506369e+00,3.247453618080572979e-01,-2.938741013885793132e-02,-3.585614298808525446e-01,5.349846207063887249e+01,2.516610920429229736e-01,-2.935467958450317383e-01,-2.812646888196468353e-02,-3.240972757339477539e-01,9.128447723388671875e+01,-1.196595382690429688e+01,5.328772735595703125e+01,0.000000000000000000e+00,2.516678273677825928e-01,-2.935142517089843750e-01,-2.865964360535144806e-02,-3.259987831115722656e-01,9.126322174072265625e+01,-1.193234729766845703e+01,5.349846267700195312e+01,0.000000000000000000e+00,3.674777746200561523e-01,3.369171619415283203e+00,0.000000000000000000e+00,0.000000000000000000e+00,-9.050966501235961914e-01,-9.143171906471252441e-01,-1.333106803894042969e+01,3.408677101135253906e+00,-1.331633758544921875e+01,3.419801235198974609e+00
3.519999999999723350e+00,6.424242520662350187e-02,1.697130715572650050e-01,-1.732809380870326492e-05,-2.112306412819173369e-03,-3.967169179231749069e-06,1.263086037567667471e-04,3.666369128137760391e+00,1.468671986542977592e+00,2.202082206798777086e+00,3.176701632631749317e-01,-2.779849384827533590e-02,-3.495194460577650819e-01,5.344597053262262421e+01,2.202085320369208343e+00,3.177634892098513131e-01,-2.827735809193001465e-02,-3.402637136944848817e-01,5.279179445753022293e+01,2.511022984981536865e-01,-2.999271750450134277e-01,-2.800101786851882935e-02,-3.148570954799652100e-01,9.303231811523437500e+01,-1.221015357971191406e+01,5.344596862792968750e+01,0.000000000000000000e+00,2.511102259159088135e-01,-2.998899817466735840e-01,-2.714138105511665344e-02,-3.114657998085021973e-01,9.259989929199218750e+01,-1.227524852752685547e+01,5.279179382324218750e+01,0.000000000000000000e+00,3.174778223037719727e-01,3.375996112823486328e+00,0.000000000000000000e+00,0.000000000000000000e+00,-9.474513530731201172e-01,-9.250158071517944336e-01,-1.360565567016601562e+01,3.464715480804443359e+00,-1.358756732940673828e+01,3.401654720306396484e+00
3.539999999999721148e+00,6.757679866299622085e-02,1.614089804958331043e-01,-1.777461086713260700e-05,-6.295636640684919034e-04,-5.665637017563861721e-06,-1.929711992923737341e-05,3.695322712381964969e+00,1.424178412140892025e+00,2.201537993548454253e+00,3.110547422905272086e-01,-2.521408399752854759e-02,-3.222122888651608452e-01,5.366051369004711802e+01,2.201541709839206717e+00,3.111423145544508495e-01,-2.528108573939379447e-02,-3.191030236294178368e-01,5.337963720688455993e+01,2.505742609500885010e-01,-3.060152828693389893e-01,-2.583695575594902039e-02,-2.950491905212402344e-01,9.408795928955078125e+01,-1.245753288269042969e+01,5.366051483154296875e+01,0.000000000000000000e+00,2.505815923213958740e-01,-3.059802353382110596e-01,-2.555757947266101837e-02,-2.938753068447113037e-01,9.382621765136718750e+01,-1.248106002807617188e+01,5.337963867187500000e+01,0.000000000000000000e+00,2.674778699874877930e-01,3.395322799682617188e+00,0.000000000000000000e+00,0.000000000000000000e+00,-9.877538084983825684e-01,-9.785282015800476074e-01,-1.381355857849121094e+01,3.458637714385986328e+00,-1.379661464691162109e+01,3.426618099212646484e+00
3.559999999999718945e+00,7.068299280152842701e-02,1.481651499809105155e-01,-1.515682618763289339e-05,5.014552296551417349e-04,-7.507175535489628847e-06,-1.367625413413678804e-04,3.723373065019399242e+00,1.378399856829778836e+00,2.201083077487070661e+00,3.050079821870775310e-01,-2.107172801298927770e-02,-2.890856215729060152e-01,5.366005898990749756e+01,2.201088189709759391e+00,3.050801812106639921e-01,-2.047804322710696998e-02,-2.900545768208139252e-01,5.367201335152853403e+01,2.500877082347869873e-01,-3.116226196289062500e-01,-2.331800013780593872e-02,-2.674780786037445068e-01,9.490323638916015625e+01,-1.265264892578125000e+01,5.366006088256835938e+01,0.000000000000000000e+00,2.500935792922973633e-01,-3.115928173065185547e-01,-2.346118167042732239e-02,-2.676306962966918945e-01,9.479240417480468750e+01,-1.265023422241210938e+01,5.367201232910156250e+01,0.000000000000000000e+00,2.174779176712036133e-01,3.423373222351074219e+00,0.000000000000000000e+00,0.000000000000000000e+00,-1.004741430282592773e+00,-1.003374099731445312e+00,-1.397770309448242188e+01,3.451792240142822266e+00,-1.396583843231201172e+01,3.443033695220947266e+00
3.579999999999716742e+00,7.352689655271238411e-02,1.350933366256374391e-01,-2.069029986582304303e-05,-1.218118040028426342e-03,-9.008770705203997692e-06,2.098262475186315470e-05,3.750500346487323888e+00,1.331811433601369332e+00,2.200698555705905779e+00,2.995531976775491212e-01,-1.742253495853139655e-02,-2.640166390322966072e-01,5.403015571802411188e+01,2.200701972967823661e+00,2.996537957176268474e-01,-1.804231584303978009e-02,-2.595643494119587169e-01,5.361616669792459078e+01,2.496465742588043213e-01,-3.167128860950469971e-01,-2.146221883594989777e-02,-2.433707416057586670e-01,9.581476593017578125e+01,-1.279174518585205078e+01,5.403015518188476562e+01,0.000000000000000000e+00,2.496550977230072021e-01,-3.166727125644683838e-01,-2.101121284067630768e-02,-2.418854087591171265e-01,9.547484588623046875e+01,-1.282170867919921875e+01,5.361616516113281250e+01,0.000000000000000000e+00,1.674779653549194336e-01,3.450500488281250000e+00,0.000000000000000000e+00,0.000000000000000000e+00,-1.026905536651611328e+00,-1.015651941299438477e+00,-1.412938499450683594e+01,3.475198268890380859e+00,-1.410712432861328125e+01,3.433871269226074219e+00
3.599999999999714539e+00,7.611579848472851961e-02,1.230751307054683968e-01,-1.498999932131438223e-05,-1.870926491989651462e-03,-1.108493079119765678e-05,6.409104002374658516e-05,3.776687739045876846e+00,1.284482168260925095e+00,2.200366300593456170e+00,2.946769253301594338e-01,-1.568950781594925098e-02,-2.360003308482964968e-01,5.381241336557017263e+01,2.200371560275029559e+00,2.947587047098074176e-01,-1.587769941163937742e-02,-2.274053189930531904e-01,5.324981622031409501e+01,2.492513358592987061e-01,-3.213053345680236816e-01,-1.916391588747501373e-02,-2.198966443538665771e-01,9.641342163085937500e+01,-1.293143272399902344e+01,5.381241226196289062e+01,0.000000000000000000e+00,2.492579966783523560e-01,-3.212718367576599121e-01,-1.839183643460273743e-02,-2.166537344455718994e-01,9.602876281738281250e+01,-1.299186992645263672e+01,5.324981689453125000e+01,0.000000000000000000e+00,1.174780130386352539e-01,3.476687669754028320e+00,0.000000000000000000e+00,0.000000000000000000e+00,-1.040587186813354492e+00,-1.018775343894958496e+00,-1.424968147277832031e+01,3.471132755279541016e+00,-1.423442459106445312e+01,3.414142131805419922e+00
3.619999999999712337e+00,7.847087384647970232e-02,1.119387930907582707e-01,-1.902215559558277617e-05,6.333607223079013374e-04,-1.239682123794236344e-05,-1.381025114725066550e-04,3.801923650387233344e+00,1.236630471833431999e+00,2.200069419002454563e+00,2.903419331550133320e-01,-1.429117665366081390e-02,-2.032835318049418527e-01,5.339712038668843519e+01,2.200073543121035868e+00,2.904276403510132609e-01,-1.394363372819450685e-02,-2.055356002286671813e-01,5.344170349555693633e+01,2.489002346992492676e-01,-3.254420161247253418e-01,-1.642367802560329437e-02,-1.956200301647186279e-01,9.678862762451171875e+01,-1.310511779785156250e+01,5.339712142944335938e+01,0.000000000000000000e+00,2.489073574542999268e-01,-3.254075646400451660e-01,-1.665528491139411926e-02,-1.963586211204528809e-01,9.666947937011718750e+01,-1.309254169464111328e+01,5.344170379638671875e+01,0.000000000000000000e+00,6.747806072235107422e-02,3.501923799514770508e+00,0.000000000000000000e+00,0.000000000000000000e+00,-1.036141753196716309e+00,-1.038091540336608887e+00,-1.435976982116699219e+01,3.434567451477050781e+00,-1.434324550628662109e+01,3.429014205932617188e+00
3.639999999999710134e+00,8.060949144780560349e-02,1.013569791985682172e-01,-1.956849632120833074e-05,-2.179479992296903292e-04,-1.419267624359334825e-05,-6.879735208743738327e-05,3.826197792212938875e+00,1.188260557863203504e+00,2.199803281969612279e+00,2.864953456970062429e-01,-1.233673524308359637e-02,-1.834753249757085924e-01,5.350165280314034533e+01,2.199808017049305064e+00,2.865869477683033462e-01,-1.245130459918395577e-02,-1.826940660963087271e-01,5.334821838201327182e+01,2.485890984535217285e-01,-3.291624188423156738e-01,-1.487213931977748871e-02,-1.766683310270309448e-01,9.738665008544921875e+01,-1.320057678222656250e+01,5.350165176391601562e+01,0.000000000000000000e+00,2.485966682434082031e-01,-3.291254639625549316e-01,-1.479258947074413300e-02,-1.764101386070251465e-01,9.716899871826171875e+01,-1.320673370361328125e+01,5.334821701049804688e+01,0.000000000000000000e+00,1.747804880142211914e-02,3.526197910308837891e+00,0.000000000000000000e+00,0.000000000000000000e+00,-1.051360726356506348e+00,-1.047300100326538086e+00,-1.446157073974609375e+01,3.447890758514404297e+00,-1.444236564636230469e+01,3.426496028900146484e+00
3.659999999999707931e+00,8.249576076644950240e-02,8.017061682705983738e-02,-2.222899629531553916e-05,2.364706211597047015e-03,-1.573088809314054514e-05,-2.399040400821400663e-04,3.849495642712716048e+00,1.138484080648686225e+00,2.199629712033207340e+00,2.832946728427418459e-01,-9.890999405309588988e-04,-1.154419000824038616e-01,5.409278846539903896e+01,2.199633757375626608e+00,2.833852907807020149e-01,-4.120319655437697064e-04,-1.258158808841597920e-01,5.429504033639131677e+01,2.483256161212921143e-01,-3.323468565940856934e-01,-1.001799013465642929e-02,-1.250256896018981934e-01,9.686092376708984375e+01,-1.291363430023193359e+01,5.409278869628906250e+01,0.000000000000000000e+00,2.483331561088562012e-01,-3.323104977607727051e-01,-1.098358631134033203e-02,-1.288082152605056763e-01,9.693415832519531250e+01,-1.284604454040527344e+01,5.429504013061523438e+01,0.000000000000000000e+00,0.000000000000000000e+00,3.549495697021484375e+00,0.000000000000000000e+00,0.000000000000000000e+00,-1.190264821052551270e+00,-1.210537075996398926e+00,-1.430944442749023438e+01,3.510537147521972656e+00,-1.429122447967529297e+01,3.543053150177001953e+00
3.679999999999705729e+00,8.369927994768822099e-02,3.826590609563927659e-02,-1.979462426575355228e-05,-5.039166561386064242e-04,-1.799944562917992104e-05,-9.703630663225329075e-05,3.871770982370109859e+00,1.086340090721602980e+00,2.199813020184732348e+00,2.818354912181867400e-01,1.644719770309966550e-02,-2.678165668928965404e-02,5.565330085028059415e+01,2.199818093623173709e+00,2.819294422895957664e-01,1.620294041106566663e-02,-2.508061293118069371e-02,5.543114613979410166e+01,2.481798082590103149e-01,-3.340442776679992676e-01,-3.958576824516057968e-03,-4.244877398014068604e-02,9.559509277343750000e+01,-1.244690132141113281e+01,5.565330123901367188e+01,0.000000000000000000e+00,2.481875568628311157e-01,-3.340062499046325684e-01,-3.785595297813415527e-03,-4.188452661037445068e-02,9.534674072265625000e+01,-1.245766067504882812e+01,5.543114471435546875e+01,0.000000000000000000e+00,0.000000000000000000e+00,3.571771144866943359e+00,0.000000000000000000e+00,0.000000000000000000e+00,-1.220124006271362305e+00,-1.213834524154663086e+00,-1.401459693908691406e+01,3.579164981842041016e+00,-1.399408531188964844e+01,3.553315162658691406e+00
3.699999999999703526e+00,8.408455386742738624e-02,-7.687139228719555833e-04,-2.334269273494483417e-05,4.077788472500426531e-03,-2.027422327879008581e-05,-3.890088914802032833e-04,3.893001583335114812e+00,1.034169136135770550e+00,2.200238386265811918e+00,2.823244629914048454e-01,2.451257437944123069e-02,8.021116143692950951e-02,5.410974483043802508e+01,2.200243208180118870e+00,2.824113076118461851e-01,2.544952476375178171e-02,6.235623497334020354e-02,5.472547240263048707e+01,2.481809407472610474e-01,-3.340825438499450684e-01,4.625673871487379074e-03,4.082222655415534973e-02,9.314995574951171875e+01,-1.209216022491455078e+01,5.410974502563476562e+01,0.000000000000000000e+00,2.481880933046340942e-01,-3.340472579002380371e-01,2.969412831589579582e-03,3.429194167256355286e-02,9.342156219482421875e+01,-1.197343349456787109e+01,5.472547149658203125e+01,0.000000000000000000e+00,0.000000000000000000e+00,3.593001604080200195e+00,0.000000000000000000e+00,0.000000000000000000e+00,-1.174952387809753418e+00,-1.211497187614440918e+00,-1.364232254028320312e+01,3.502707958221435547e+00,-1.362447929382324219e+01,3.572307586669921875e+00
3.719999999999701323e+00,8.371545586409158413e-02,-3.675200550378737718e-02,-1.868744912548848751e-05,8.335207419648000670e-04,-2.306381180127193577e-05,-1.674584325934588521e-04,3.913191386731738497e+00,9.823917521419136545e-01,2.200802426918638588e+00,2.845505362479838207e-01,3.036203533108383645e-02,1.513450447293411549e-01,5.488323630030681954e+01,2.200807784808123557e+00,2.846326619791977874e-01,3.077372146437460168e-02,1.483623844904926603e-01,5.497934519481874815e+01,2.483207732439041138e-01,-3.326451778411865234e-01,1.029000431299209595e-02,1.063981950283050537e-01,9.112225341796875000e+01,-1.154930973052978516e+01,5.488323593139648438e+01,0.000000000000000000e+00,2.483274340629577637e-01,-3.326115608215332031e-01,9.988380596041679382e-03,1.054025292396545410e-01,9.102787780761718750e+01,-1.153065299987792969e+01,5.497934341430664062e+01,0.000000000000000000e+00,0.000000000000000000e+00,3.613191366195678711e+00,0.000000000000000000e+00,0.000000000000000000e+00,-1.172082424163818359e+00,-1.175218224525451660e+00,-1.323764228820800781e+01,3.536321640014648438e+00,-1.322128486633300781e+01,3.535287380218505859e+00
3.739999999999699121e+00,8.267348448011362094e-02,-6.808291444990402508e-02,-2.212096582932595530e-05,2.362728086426962512e-03,-2.524446778756087855e-05,-2.898112905924357012e-04,3.932353613906393708e+00,9.314434696403312008e-01,2.201459340806937615e+00,2.882983356126849195e-01,3.435965707911668027e-02,2.275162714429000976e-01,5.369112636941066796e+01,2.201463813957313942e+00,2.883873691373778358e-01,3.492335798102981503e-02,2.171779801123109310e-01,5.388014693068518568e+01,2.485849559307098389e-01,-3.299139142036437988e-01,1.658474095165729523e-02,1.685757488012313843e-01,8.855769348144531250e+01,-1.107757568359375000e+01,5.369112777709960938e+01,0.000000000000000000e+00,2.485923469066619873e-01,-3.298781514167785645e-01,1.562323048710823059e-02,1.648021340370178223e-01,8.863074493408203125e+01,-1.100833702087402344e+01,5.388014602661132812e+01,0.000000000000000000e+00,0.000000000000000000e+00,3.632353544235229492e+00,0.000000000000000000e+00,0.000000000000000000e+00,-1.133840322494506836e+00,-1.153540134429931641e+00,-1.280434226989746094e+01,3.496198654174804688e+00,-1.278550910949707031e+01,3.529333591461181641e+00
3.759999999999696918e+00,8.103882506142220943e-02,-9.634425010844242798e-02,-1.982237874145855908e-05,-3.254940655220629926e-03,-2.782354459232313932e-05,1.316080146815695089e-04,3.950505241369986820e+00,8.813564335277076500e-01,2.202187800128039719e+00,2.933426910970970969e-01,3.869033083370805592e-02,2.707406923030254431e-01,5.474175521593967630e+01,2.202192520970148504e+00,2.934474078744283010e-01,3.750810759942120598e-02,2.837519049497251866e-01,5.383638863948213782e+01,2.489560991525650024e-01,-3.260636329650878906e-01,1.996596716344356537e-02,2.151161581277847290e-01,8.651300811767578125e+01,-1.044700717926025391e+01,5.474175643920898438e+01,0.000000000000000000e+00,2.489648312330245972e-01,-3.260214328765869141e-01,2.122338861227035522e-02,2.196901291608810425e-01,8.593743133544921875e+01,-1.053134346008300781e+01,5.383638763427734375e+01,0.000000000000000000e+00,0.000000000000000000e+00,3.650505304336547852e+00,0.000000000000000000e+00,0.000000000000000000e+00,-1.137607932090759277e+00,-1.107019543647766113e+00,-1.236074924468994141e+01,3.563359737396240234e+00,-1.233569049835205078e+01,3.480413913726806641e+00
3.779999999999694715e+00,7.888339930479799922e-02,-1.202566223246617633e-01,-1.876629227239098800e-05,-8.512489858919539912e-04,-3.010680152789378962e-05,-1.933039333512245439e-05,3.967665457254446970e+00,8.323684948772971381e-01,2.202974147047244369e+00,2.995134064132154439e-01,4.053212447629112730e-02,3.290617014188248479e-01,5.412387138640223583e+01,2.202979043437090390e+00,2.996025390165281133e-01,4.034195374108464488e-02,3.329354451312452889e-01,5.379972550034675294e+01,2.494207024574279785e-01,-3.212366104125976562e-01,2.492312341928482056e-02,2.622028291225433350e-01,8.371315002441406250e+01,-9.942994117736816406e+00,5.412387084960937500e+01,0.000000000000000000e+00,2.494280338287353516e-01,-3.212004899978637695e-01,2.528201229870319366e-02,2.636252939701080322e-01,8.341880798339843750e+01,-9.968788146972656250e+00,5.379972457885742188e+01,0.000000000000000000e+00,0.000000000000000000e+00,3.667665481567382812e+00,0.000000000000000000e+00,0.000000000000000000e+00,-1.093757271766662598e+00,-1.082267284393310547e+00,-1.188898086547851562e+01,3.515779733657836914e+00,-1.186966991424560547e+01,3.480041503906250000e+00
3.799999999999692513e+00,7.627667201901398852e-02,-1.407654641449971877e-01,-2.208778844944048214e-05,4.053170454648140353e-03,-3.180404027224966243e-05,-4.479001615519402732e-04,3.983856707670104580e+00,7.845665015340339554e-01,2.203802300517178292e+00,3.066204801486761000e-01,4.177193909851958931e-02,3.861290133261677249e-01,5.276608762199975899e+01,2.203807455150336381e+00,3.067016382837018940e-01,4.273755346999551924e-02,3.684393908573854737e-01,5.340363092771720943e+01,2.499638795852661133e-01,-3.155815601348876953e-01,2.983753755688667297e-02,3.051841259002685547e-01,8.069966125488281250e+01,-9.475327491760253906e+00,5.276608657836914062e+01,0.000000000000000000e+00,2.499704957008361816e-01,-3.155484199523925781e-01,2.818974107503890991e-02,2.987244725227355957e-01,8.098039245605468750e+01,-9.355657577514648438e+00,5.340362930297851562e+01,0.000000000000000000e+00,0.000000000000000000e+00,3.683856725692749023e+00,0.000000000000000000e+00,0.000000000000000000e+00,-1.033799648284912109e+00,-1.069503307342529297e+00,-1.140894508361816406e+01,3.435463666915893555e+00,-1.139163398742675781e+01,3.506293058395385742e+00
3.819999999999690310e+00,7.327899192786550830e-02,-1.587548121243873289e-01,-2.113416872755762951e-05,3.552228781110213559e-03,-3.359956889195087586e-05,-4.237847919572758208e-04,3.999102168628159149e+00,7.379374201742752160e-01,2.204665285394117991e+00,3.144957186480378253e-01,4.316081072621981429e-02,4.204719473115010042e-01,5.266343213396404366e+01,2.204670607233472968e+00,3.145757413734188712e-01,4.401048509208822790e-02,4.047022087318614125e-01,5.319611270921286916e+01,2.505716383457183838e-01,-3.092263638973236084e-01,3.274818137288093567e-02,3.369445204734802246e-01,7.806607055664062500e+01,-8.903480529785156250e+00,5.266343307495117188e+01,0.000000000000000000e+00,2.505781054496765137e-01,-3.091934621334075928e-01,3.127956762909889221e-02,3.311808109283447266e-01,7.830134582519531250e+01,-8.796245574951171875e+00,5.319611358642578125e+01,0.000000000000000000e+00,0.000000000000000000e+00,3.699102163314819336e+00,0.000000000000000000e+00,0.000000000000000000e+00,-1.003965497016906738e+00,-1.035446763038635254e+00,-1.092666244506835938e+01,3.428569078445434570e+00,-1.090954399108886719e+01,3.490628242492675781e+00
3.839999999999688107e+00,6.994488681520061313e-02,-1.742417092975570014e-01,-2.120456127078759043e-05,4.628547392047671453e-03,-3.509347708612448974e-05,-5.152676080919815250e-04,4.013426762012782589e+00,6.925372646474339255e-01,2.205553869459591976e+00,3.229926349381566641e-01,4.406721483199888684e-02,4.505044856106460993e-01,5.229740524561754000e+01,2.205558325095647199e+00,3.230669396245883229e-01,4.542135034739316207e-02,4.309563238870027790e-01,5.309461147486907606e+01,2.512321174144744873e-01,-3.022852241992950439e-01,3.533156216144561768e-02,3.643616139888763428e-01,7.536790466308593750e+01,-8.343690872192382812e+00,5.229740524291992188e+01,0.000000000000000000e+00,2.512382268905639648e-01,-3.022548258304595947e-01,3.348071873188018799e-02,3.573276400566101074e-01,7.571797180175781250e+01,-8.212353706359863281e+00,5.309461212158203125e+01,0.000000000000000000e+00,0.000000000000000000e+00,3.713426828384399414e+00,0.000000000000000000e+00,0.000000000000000000e+00,-9.675474762916564941e-01,-1.006634831428527832e+00,-1.044237613677978516e+01,3.411132812500000000e+00,-1.042746162414550781e+01,3.492592811584472656e+00
3.859999999999685905e+00,6.632499291220252113e-02,-1.875649375716665623e-01,-2.422821898755454645e-05,3.695060853116764743e-04,-3.619580075042096217e-05,-8.266267619326479526e-05,4.026856009339747189e+00,6.484174523138818147e-01,2.206460343390958645e+00,3.319722040011912623e-01,4.583605117146884178e-02,4.629990875145473250e-01,5.262806968535590357e+01,2.206462835565966341e+00,3.320774148321080643e-01,4.535619874990077377e-02,4.598830788083311250e-01,5.236979170452809740e+01,2.519339025020599365e-01,-2.948654294013977051e-01,3.629108890891075134e-02,3.831712305545806885e-01,7.303459930419921875e+01,-7.709736824035644531e+00,5.262807083129882812e+01,0.000000000000000000e+00,2.519429326057434082e-01,-2.948237061500549316e-01,3.606381267309188843e-02,3.817912340164184570e-01,7.286666107177734375e+01,-7.685705661773681641e+00,5.236979293823242188e+01,0.000000000000000000e+00,0.000000000000000000e+00,3.726855993270874023e+00,0.000000000000000000e+00,0.000000000000000000e+00,-9.531529545783996582e-01,-9.585814476013183594e-01,-9.966087341308593750e+00,3.454084634780883789e+00,-9.940658569335937500e+00,3.448603153228759766e+00
3.879999999999683702e+00,6.246606585556784691e-02,-1.987632540124469049e-01,-1.646087517560361989e-05,-1.084276986518817494e-03,-3.803782907621411667e-05,5.710053166901914580e-05,4.039416150146394990e+00,6.056636740911898187e-01,2.207373537389766494e+00,3.413852996462180545e-01,4.600712782516078875e-02,4.729090603221356992e-01,5.315140330308087613e+01,2.207378319681926548e+00,3.414661318196747231e-01,4.587474046194909422e-02,4.779650404600711000e-01,5.275497360040936456e+01,2.526738941669464111e-01,-2.870363295078277588e-01,3.717918694019317627e-02,3.982611000537872314e-01,7.055658721923828125e+01,-7.094215869903564453e+00,5.315140151977539062e+01,0.000000000000000000e+00,2.526805400848388672e-01,-2.870034277439117432e-01,3.763749450445175171e-02,4.001620411872863770e-01,7.025298309326171875e+01,-7.128545761108398438e+00,5.275497436523437500e+01,0.000000000000000000e+00,0.000000000000000000e+00,3.739416360855102539e+00,0.000000000000000000e+00,0.000000000000000000e+00,-9.348236322402954102e-01,-9.205870032310485840e-01,-9.482778549194335938e+00,3.476844310760498047e+00,-9.465961456298828125e+00,3.436892032623291016e+00
